Memory,RAM,AI Lens,Mobile Height,Price,Rear_Camera_Numeric,Front_Camera_Numeric,RAM_to_Memory_Ratio,Camera_Total_Megapixels,Hardware_Score,Processor_Group,Anomaly_Label,Price_Capped,Hardware_Score_Capped,Camera_Total_Megapixels_Capped,Value_Score_Capped,Camera_Value_Capped,Model_name_Encoded,processor_Encoded,base_colour_Encoded,RAM_Category_Encoded,Memory_Category_Encoded,Battery_Category_Encoded
64,4,1,16.76,7299,13.0,5.0,0.0625,18.0,1536.0,Unisoc,1,7299,1536.0,18.0,0.21043978627209206,0.002466091245376079,4,7,0,0,3,3
64,4,1,16.76,7299,13.0,5.0,0.0625,18.0,1536.0,Unisoc,1,7299,1536.0,18.0,0.21043978627209206,0.002466091245376079,4,7,1,0,3,3
128,8,0,16.64,11999,50.0,16.0,0.0625,66.0,5120.0,Snapdragon,1,11999,5120.0,66.0,0.4267022251854321,0.005500458371530961,7,6,4,2,0,2
32,2,0,16.56,5649,8.0,5.0,0.0625,13.0,320.0,MediaTek,1,5649,320.0,13.0,0.0566471941936626,0.002301292264117543,11,2,1,3,2,2
128,8,1,16.76,8999,50.0,5.0,0.0625,55.0,5120.0,Other,1,8999,5120.0,55.0,0.5689521057895321,0.00611179019891099,4,4,3,2,0,2
128,8,1,16.76,8999,50.0,5.0,0.0625,55.0,5120.0,Other,1,8999,5120.0,55.0,0.5689521057895321,0.00611179019891099,4,4,1,2,0,2
128,8,1,16.76,8999,50.0,5.0,0.0625,55.0,5120.0,Other,1,8999,5120.0,55.0,0.5689521057895321,0.00611179019891099,4,4,0,2,0,2
128,8,1,16.76,8999,50.0,5.0,0.0625,55.0,5120.0,Other,1,8999,5120.0,55.0,0.5689521057895321,0.00611179019891099,4,4,10,2,0,2
64,4,1,16.76,7999,50.0,5.0,0.0625,55.0,1280.0,Other,1,7999,1280.0,55.0,0.16002000250031254,0.006875859482435304,4,4,10,0,3,2
64,4,1,16.76,7999,50.0,5.0,0.0625,55.0,1280.0,Other,1,7999,1280.0,55.0,0.16002000250031254,0.006875859482435304,4,4,0,0,3,2
64,4,0,17.02,9499,50.0,5.0,0.0625,55.0,1536.0,Snapdragon,1,9499,1536.0,55.0,0.1617012317086009,0.005790083166649121,13,6,0,0,3,3
64,4,1,16.76,7999,50.0,5.0,0.0625,55.0,1280.0,Other,1,7999,1280.0,55.0,0.16002000250031254,0.006875859482435304,4,4,1,0,3,2
64,4,1,16.76,7299,13.0,5.0,0.0625,18.0,1536.0,Unisoc,1,7299,1536.0,18.0,0.21043978627209206,0.002466091245376079,4,7,5,0,3,3
128,4,0,16.76,10699,50.0,8.0,0.03125,58.0,3072.0,Exynos,1,10699,3072.0,58.0,0.28712963828395177,0.005421067389475652,14,0,1,0,0,3
64,4,0,16.51,7299,13.0,5.0,0.0625,18.0,1280.0,MediaTek,1,7299,1280.0,18.0,0.17536648856007672,0.002466091245376079,14,2,5,0,3,2
64,4,0,16.56,6999,8.0,5.0,0.0625,13.0,1280.0,MediaTek,1,6999,1280.0,13.0,0.18288326903843405,0.001857408201171596,11,2,1,0,3,2
64,4,1,16.76,7999,50.0,5.0,0.0625,55.0,1280.0,Other,1,7999,1280.0,55.0,0.16002000250031254,0.006875859482435304,4,4,3,0,3,2
64,4,0,16.56,6999,8.0,5.0,0.0625,13.0,1280.0,MediaTek,1,6999,1280.0,13.0,0.18288326903843405,0.001857408201171596,11,2,0,0,3,2
32,2,0,16.56,5649,8.0,5.0,0.0625,13.0,320.0,MediaTek,1,5649,320.0,13.0,0.0566471941936626,0.002301292264117543,11,2,5,3,2,2
64,4,0,16.51,7299,13.0,5.0,0.0625,18.0,1280.0,Unisoc,1,7299,1280.0,18.0,0.17536648856007672,0.002466091245376079,7,7,0,0,3,2
128,8,0,16.71,15999,50.0,8.0,0.0625,58.0,5120.0,MediaTek,1,15999,5120.0,58.0,0.3200200012500781,0.0036252265766610415,16,2,3,2,0,2
128,8,0,16.71,15999,50.0,8.0,0.0625,58.0,5120.0,MediaTek,1,15999,5120.0,58.0,0.3200200012500781,0.0036252265766610415,16,2,1,2,0,2
128,8,0,16.71,15999,50.0,8.0,0.0625,58.0,5120.0,MediaTek,1,15999,5120.0,58.0,0.3200200012500781,0.0036252265766610415,16,2,0,2,0,2
128,6,0,16.71,13999,50.0,8.0,0.046875,58.0,3840.0,MediaTek,1,13999,3840.0,58.0,0.27430530752196586,0.004143153082363026,16,2,1,1,0,2
128,4,0,16.71,12999,50.0,8.0,0.03125,58.0,2560.0,MediaTek,1,12999,2560.0,58.0,0.19693822601738595,0.0044618816832064,16,2,0,0,0,2
128,6,0,16.71,13999,50.0,8.0,0.046875,58.0,3840.0,MediaTek,1,13999,3840.0,58.0,0.27430530752196586,0.004143153082363026,16,2,0,1,0,2
128,4,0,16.71,12999,50.0,8.0,0.03125,58.0,2560.0,MediaTek,1,12999,2560.0,58.0,0.19693822601738595,0.0044618816832064,16,2,1,0,0,2
128,6,0,16.71,13999,50.0,8.0,0.046875,58.0,3840.0,MediaTek,1,13999,3840.0,58.0,0.27430530752196586,0.004143153082363026,16,2,1,1,0,2
64,2,1,16.76,6199,8.0,5.0,0.03125,13.0,640.0,Unisoc,1,6199,640.0,13.0,0.1032424584610421,0.002097112437489918,4,7,5,3,3,2
32,3,0,16.56,6599,8.0,5.0,0.09375,13.0,480.0,MediaTek,1,6599,480.0,13.0,0.07273829368086074,0.001969995453856645,13,2,0,3,2,2
32,3,0,16.56,6599,8.0,5.0,0.09375,13.0,480.0,MediaTek,1,6599,480.0,13.0,0.07273829368086074,0.001969995453856645,13,2,1,3,2,2
64,4,0,17.04,7749,50.0,5.0,0.0625,55.0,1280.0,MediaTek,1,7749,1280.0,55.0,0.16518260420699446,0.007097690024519293,11,2,0,0,3,2
32,3,0,16.56,6599,8.0,5.0,0.09375,13.0,480.0,MediaTek,1,6599,480.0,13.0,0.07273829368086074,0.001969995453856645,13,2,5,3,2,2
64,4,0,17.04,7749,50.0,5.0,0.0625,55.0,1280.0,MediaTek,1,7749,1280.0,55.0,0.16518260420699446,0.007097690024519293,11,2,1,0,3,2
64,4,0,17.04,7749,50.0,5.0,0.0625,55.0,1280.0,MediaTek,1,7749,1280.0,55.0,0.16518260420699446,0.007097690024519293,11,2,5,0,3,2
128,6,0,17.04,8999,50.0,5.0,0.046875,55.0,3840.0,MediaTek,1,8999,3840.0,55.0,0.4267140793421491,0.00611179019891099,11,2,1,1,0,2
64,4,0,16.76,9699,50.0,8.0,0.0625,58.0,1536.0,Exynos,1,9699,1536.0,58.0,0.1583668419424683,0.005979997937931745,14,0,0,0,3,3
128,4,0,16.76,10699,50.0,8.0,0.03125,58.0,3072.0,Exynos,1,10699,3072.0,58.0,0.28712963828395177,0.005421067389475652,14,0,0,0,0,3
128,4,0,16.51,9999,50.0,8.0,0.03125,58.0,2560.0,MediaTek,1,9999,2560.0,58.0,0.256025602560256,0.0058005800580058,7,2,0,0,0,2
64,4,0,16.71,11999,50.0,8.0,0.0625,58.0,1280.0,MediaTek,1,11999,1280.0,58.0,0.10667555629635803,0.004833736144678723,11,2,1,0,3,2
64,4,0,16.51,7999,50.0,8.0,0.0625,58.0,1280.0,MediaTek,1,7999,1280.0,58.0,0.16002000250031254,0.007250906363295412,7,2,0,0,3,2
128,6,0,17.02,10999,50.0,5.0,0.046875,55.0,4608.0,Snapdragon,1,10999,4608.0,55.0,0.41894717701609235,0.005000454586780617,13,6,5,1,0,3
64,4,0,16.51,7299,13.0,5.0,0.0625,18.0,1280.0,MediaTek,1,7299,1280.0,18.0,0.17536648856007672,0.002466091245376079,14,2,8,0,3,2
128,8,0,16.64,11999,50.0,16.0,0.0625,66.0,5120.0,Snapdragon,1,11999,5120.0,66.0,0.4267022251854321,0.005500458371530961,7,6,4,2,0,2
64,4,0,17.02,9499,50.0,5.0,0.0625,55.0,1536.0,Snapdragon,1,9499,1536.0,55.0,0.1617012317086009,0.005790083166649121,13,6,6,0,3,3
128,4,0,16.76,10699,50.0,8.0,0.03125,58.0,3072.0,Exynos,1,10699,3072.0,58.0,0.28712963828395177,0.005421067389475652,14,0,3,0,0,3
64,4,0,16.51,7999,50.0,8.0,0.0625,58.0,1280.0,MediaTek,1,7999,1280.0,58.0,0.16002000250031254,0.007250906363295412,7,2,1,0,3,2
128,4,0,16.51,9999,50.0,8.0,0.03125,58.0,2560.0,MediaTek,1,9999,2560.0,58.0,0.256025602560256,0.0058005800580058,7,2,1,0,0,2
64,4,0,16.51,7999,50.0,8.0,0.0625,58.0,1280.0,MediaTek,1,7999,1280.0,58.0,0.16002000250031254,0.007250906363295412,7,2,1,0,3,2
128,6,0,17.04,8999,50.0,5.0,0.046875,55.0,3840.0,MediaTek,1,8999,3840.0,55.0,0.4267140793421491,0.00611179019891099,11,2,0,1,0,2
128,8,0,16.21,20999,40.0,16.0,0.0625,56.0,4608.0,Snapdragon,1,20999,4608.0,56.0,0.21943902090575743,0.002666793656840802,16,6,1,2,0,1
128,8,0,16.21,20999,40.0,16.0,0.0625,56.0,4608.0,Snapdragon,1,20999,4608.0,56.0,0.21943902090575743,0.002666793656840802,16,6,1,2,0,1
128,6,0,16.64,15499,50.0,16.0,0.046875,66.0,3840.0,Snapdragon,1,15499,3840.0,66.0,0.2477579198657978,0.0042583392476933995,7,6,1,1,0,2
32,2,0,16.56,6999,8.0,5.0,0.0625,13.0,320.0,MediaTek,1,6999,320.0,13.0,0.04572081725960851,0.001857408201171596,11,2,1,3,2,2
128,6,0,16.21,18999,32.0,16.0,0.046875,48.0,3456.0,Snapdragon,1,18999,3456.0,48.0,0.18190431075319755,0.002526448760461077,16,6,1,1,0,1
128,6,0,16.21,18999,32.0,16.0,0.046875,48.0,3456.0,Snapdragon,1,18999,3456.0,48.0,0.18190431075319755,0.002526448760461077,16,6,1,1,0,1
64,4,0,16.71,12499,50.0,8.0,0.0625,58.0,1280.0,MediaTek,1,12499,1280.0,58.0,0.10240819265541243,0.004640371229698376,11,2,3,0,3,2
128,6,0,16.64,15499,50.0,16.0,0.046875,66.0,3840.0,Snapdragon,1,15499,3840.0,66.0,0.2477579198657978,0.0042583392476933995,7,6,0,1,0,2
64,4,0,16.71,11999,50.0,8.0,0.0625,58.0,1280.0,MediaTek,1,11999,1280.0,58.0,0.10667555629635803,0.004833736144678723,11,2,0,0,3,2
64,4,0,16.76,9699,50.0,8.0,0.0625,58.0,1536.0,Exynos,1,9699,1536.0,58.0,0.1583668419424683,0.005979997937931745,14,0,1,0,3,3
64,4,0,16.76,9699,50.0,8.0,0.0625,58.0,1536.0,Exynos,1,9699,1536.0,58.0,0.1583668419424683,0.005979997937931745,14,0,3,0,3,3
64,4,0,16.71,12499,50.0,8.0,0.0625,58.0,1280.0,MediaTek,1,12499,1280.0,58.0,0.10240819265541243,0.004640371229698376,11,2,0,0,3,2
64,4,0,16.51,7299,13.0,5.0,0.0625,18.0,1280.0,Unisoc,1,7299,1280.0,18.0,0.17536648856007672,0.002466091245376079,7,7,10,0,3,2
128,4,0,16.51,10499,50.0,5.0,0.03125,55.0,2560.0,Unisoc,1,10499,2560.0,55.0,0.24383274597580723,0.005238594151823983,12,7,3,0,0,2
128,4,0,16.51,10499,50.0,5.0,0.03125,55.0,2560.0,Unisoc,1,10499,2560.0,55.0,0.24383274597580723,0.005238594151823983,12,7,1,0,0,2
128,6,0,16.76,14490,50.0,13.0,0.046875,63.0,4608.0,Exynos,1,14490,4608.0,63.0,0.31801242236024846,0.004347826086956522,14,0,5,1,0,3
128,8,0,16.51,16999,50.0,16.0,0.0625,66.0,5120.0,MediaTek,1,16999,5120.0,66.0,0.3011941878934055,0.0038825813283134302,7,2,0,2,0,2
128,4,0,16.51,10499,50.0,5.0,0.03125,55.0,2560.0,Unisoc,1,10499,2560.0,55.0,0.24383274597580723,0.005238594151823983,12,7,0,0,0,2
32,3,0,16.51,6499,8.0,5.0,0.09375,13.0,480.0,Unisoc,1,6499,480.0,13.0,0.07385751654100631,0.002000307739652254,12,7,5,3,2,2
32,3,0,16.51,6499,8.0,5.0,0.09375,13.0,480.0,Unisoc,1,6499,480.0,13.0,0.07385751654100631,0.002000307739652254,12,7,1,3,2,2
32,2,0,16.51,5999,8.0,5.0,0.0625,13.0,320.0,Unisoc,1,5999,320.0,13.0,0.053342223703950656,0.0021670278379729954,12,7,0,3,2,2
32,3,0,16.51,6499,8.0,5.0,0.09375,13.0,480.0,Unisoc,1,6499,480.0,13.0,0.07385751654100631,0.002000307739652254,12,7,0,3,2,2
128,6,0,16.94,15999,48.0,13.0,0.046875,61.0,3840.0,Snapdragon,1,15999,3840.0,61.0,0.2400150009375586,0.003812738296143509,11,6,1,1,0,2
32,2,0,16.56,6299,8.0,5.0,0.0625,13.0,320.0,MediaTek,1,6299,320.0,13.0,0.05080171455786633,0.0020638196539133195,13,2,1,3,2,2
128,8,0,16.33,13999,64.0,16.0,0.0625,80.0,5120.0,MediaTek,1,13999,5120.0,80.0,0.3657404100292878,0.005714693906707622,11,2,3,2,0,2
128,8,0,41.94,16499,50.0,16.0,0.0625,66.0,5120.0,Snapdragon,1,16499,5120.0,66.0,0.31032183768713256,0.004000242438935693,7,6,0,2,0,2
32,3,0,16.56,6299,8.0,5.0,0.09375,13.0,480.0,MediaTek,1,6299,480.0,13.0,0.07620257183679949,0.0020638196539133195,11,2,1,3,2,2
128,6,0,16.71,14499,50.0,8.0,0.046875,58.0,3840.0,MediaTek,1,14499,3840.0,58.0,0.2648458514380302,0.004000275881095248,11,2,1,1,0,2
64,4,0,16.71,9999,50.0,8.0,0.0625,58.0,1280.0,MediaTek,1,9999,1280.0,58.0,0.128012801280128,0.0058005800580058,13,2,0,0,3,2
128,8,0,17.07,13999,64.0,8.0,0.0625,72.0,5120.0,MediaTek,1,13999,5120.0,72.0,0.3657404100292878,0.00514322451603686,12,2,3,2,0,2
128,8,0,17.07,13999,64.0,8.0,0.0625,72.0,5120.0,MediaTek,1,13999,5120.0,72.0,0.3657404100292878,0.00514322451603686,12,2,0,2,0,2
64,6,0,17.07,11999,64.0,8.0,0.09375,72.0,1920.0,MediaTek,1,11999,1920.0,72.0,0.16001333444453705,0.006000500041670139,12,2,3,1,3,2
128,8,0,17.07,13999,64.0,8.0,0.0625,72.0,5120.0,MediaTek,1,13999,5120.0,72.0,0.3657404100292878,0.00514322451603686,12,2,5,2,0,2
64,6,0,17.07,11999,64.0,8.0,0.09375,72.0,1920.0,MediaTek,1,11999,1920.0,72.0,0.16001333444453705,0.006000500041670139,12,2,0,1,3,2
64,6,0,17.07,11999,64.0,8.0,0.09375,72.0,1920.0,MediaTek,1,11999,1920.0,72.0,0.16001333444453705,0.006000500041670139,12,2,5,1,3,2
64,4,0,17.07,10999,64.0,8.0,0.0625,72.0,1280.0,MediaTek,1,10999,1280.0,72.0,0.11637421583780344,0.006546049640876443,12,2,3,0,3,2
64,4,0,17.07,10999,64.0,8.0,0.0625,72.0,1280.0,MediaTek,1,10999,1280.0,72.0,0.11637421583780344,0.006546049640876443,12,2,5,0,3,2
64,4,0,17.07,10999,64.0,8.0,0.0625,72.0,1280.0,MediaTek,1,10999,1280.0,72.0,0.11637421583780344,0.006546049640876443,12,2,0,0,3,2
128,8,0,41.94,16499,50.0,16.0,0.0625,66.0,5120.0,Snapdragon,1,16499,5120.0,66.0,0.31032183768713256,0.004000242438935693,7,6,1,2,0,2
128,6,0,16.76,14490,50.0,13.0,0.046875,63.0,4608.0,Exynos,1,14490,4608.0,63.0,0.31801242236024846,0.004347826086956522,14,0,8,1,0,3
128,4,0,16.76,13490,50.0,13.0,0.03125,63.0,3072.0,Exynos,1,13490,3072.0,63.0,0.22772424017790957,0.004670126019273536,14,0,8,0,0,3
128,4,0,16.76,13490,50.0,13.0,0.03125,63.0,3072.0,Exynos,1,13490,3072.0,63.0,0.22772424017790957,0.004670126019273536,14,0,8,0,0,3
64,4,0,17.02,9499,50.0,5.0,0.0625,55.0,1536.0,Snapdragon,1,9499,1536.0,55.0,0.1617012317086009,0.005790083166649121,13,6,5,0,3,3
64,4,0,16.71,9999,50.0,8.0,0.0625,58.0,1280.0,MediaTek,1,9999,1280.0,58.0,0.128012801280128,0.0058005800580058,13,2,8,0,3,2
128,8,0,16.51,16999,50.0,16.0,0.0625,66.0,5120.0,MediaTek,1,16999,5120.0,66.0,0.3011941878934055,0.0038825813283134302,7,2,10,2,0,2
64,4,0,16.71,12499,50.0,8.0,0.0625,58.0,1280.0,MediaTek,1,12499,1280.0,58.0,0.10240819265541243,0.004640371229698376,11,2,1,0,3,2
128,8,0,17.07,19999,108.0,16.0,0.0625,124.0,5120.0,Snapdragon,1,19999,5120.0,124.0,0.256012800640032,0.006200310015500775,12,6,0,2,0,2
128,6,0,17.07,18999,108.0,16.0,0.046875,124.0,3840.0,Snapdragon,1,18999,3840.0,124.0,0.20211590083688616,0.006526659297857782,12,6,1,1,0,2
128,6,0,4.5,1449,0.0,0.0,0.046875,0.0,614.4000000000001,Other,-1,1449,614.4000000000001,0.0,0.424016563146998,0.0,6,4,1,1,0,4
128,6,0,16.71,14499,50.0,8.0,0.046875,58.0,3840.0,MediaTek,1,14499,3840.0,58.0,0.2648458514380302,0.004000275881095248,11,2,0,1,0,2
128,6,0,16.71,14499,50.0,8.0,0.046875,58.0,3840.0,MediaTek,1,14499,3840.0,58.0,0.2648458514380302,0.004000275881095248,11,2,3,1,0,2
128,8,0,16.76,15999,50.0,16.0,0.0625,66.0,5120.0,MediaTek,1,15999,5120.0,66.0,0.3200200012500781,0.0041252578286142885,11,2,3,2,0,2
128,8,0,17.07,19999,108.0,16.0,0.0625,124.0,5120.0,Snapdragon,1,19999,5120.0,124.0,0.256012800640032,0.006200310015500775,12,6,3,2,0,2
128,6,0,17.07,18999,108.0,16.0,0.046875,124.0,3840.0,Snapdragon,1,18999,3840.0,124.0,0.20211590083688616,0.006526659297857782,12,6,0,1,0,2
128,8,0,17.07,19999,108.0,16.0,0.0625,124.0,5120.0,Snapdragon,1,19999,5120.0,124.0,0.256012800640032,0.006200310015500775,12,6,1,2,0,2
128,6,0,17.07,18999,108.0,16.0,0.046875,124.0,3840.0,Snapdragon,1,18999,3840.0,124.0,0.20211590083688616,0.006526659297857782,12,6,3,1,0,2
32,3,0,16.56,6299,8.0,5.0,0.09375,13.0,480.0,MediaTek,1,6299,480.0,13.0,0.07620257183679949,0.0020638196539133195,11,2,5,3,2,2
128,8,0,16.51,15999,48.0,16.0,0.0625,64.0,5120.0,MediaTek,1,15999,5120.0,64.0,0.3200200012500781,0.0040002500156259765,12,2,4,2,0,2
128,8,0,7.11,1849,2.0,0.0,0.0625,2.0,1945.6,Other,-1,1849,1945.6,2.0,1.052244456462953,0.001081665765278529,6,4,4,2,0,4
128,8,0,17.02,15999,108.0,16.0,0.0625,124.0,5120.0,MediaTek,1,15999,5120.0,124.0,0.3200200012500781,0.00775048440527533,4,2,0,2,0,2
128,8,0,17.02,15999,108.0,16.0,0.0625,124.0,5120.0,MediaTek,1,15999,5120.0,124.0,0.3200200012500781,0.00775048440527533,4,2,10,2,0,2
128,6,0,16.94,15999,48.0,13.0,0.046875,61.0,3840.0,Snapdragon,1,15999,3840.0,61.0,0.2400150009375586,0.003812738296143509,11,6,5,1,0,2
128,4,0,16.76,13490,50.0,13.0,0.03125,63.0,3072.0,Exynos,1,13490,3072.0,63.0,0.22772424017790957,0.004670126019273536,14,0,5,0,0,3
128,6,0,16.76,16999,50.0,8.0,0.046875,58.0,3840.0,Snapdragon,1,16999,3840.0,58.0,0.22589564092005412,0.003411965409729984,14,6,1,1,0,2
128,6,0,17.02,10999,50.0,5.0,0.046875,55.0,4608.0,Snapdragon,1,10999,4608.0,55.0,0.41894717701609235,0.005000454586780617,13,6,1,1,0,3
128,4,0,16.76,13490,50.0,13.0,0.03125,63.0,3072.0,Exynos,1,13490,3072.0,63.0,0.22772424017790957,0.004670126019273536,14,0,0,0,0,3
128,4,0,4.5,1422,0.0,0.0,0.03125,0.0,512.0,Other,-1,1422,512.0,0.0,0.360056258790436,0.0,6,4,0,0,0,4
256,8,0,16.64,29999,50.0,32.0,0.03125,82.0,9011.2,MediaTek,1,29999,9011.2,82.0,0.30038334611153705,0.0027334244474815825,7,2,0,2,1,1
256,8,0,4.5,1299,0.0,0.0,0.03125,0.0,1638.4,Other,-1,1299,1638.4,0.0,1.2612779060816013,0.0,6,4,0,2,1,4
64,4,0,16.71,11999,50.0,8.0,0.0625,58.0,1280.0,MediaTek,1,11999,1280.0,58.0,0.10667555629635803,0.004833736144678723,11,2,3,0,3,2
128,6,0,16.71,13999,50.0,8.0,0.046875,58.0,3840.0,MediaTek,1,13999,3840.0,58.0,0.27430530752196586,0.004143153082363026,11,2,3,1,0,2
64,4,0,17.02,9499,50.0,5.0,0.0625,55.0,1536.0,Snapdragon,1,9499,1536.0,55.0,0.1617012317086009,0.005790083166649121,13,6,0,0,3,3
64,2,1,16.76,6199,8.0,5.0,0.03125,13.0,640.0,Unisoc,1,6199,640.0,13.0,0.1032424584610421,0.002097112437489918,4,7,0,3,3,2
64,2,1,16.76,6199,8.0,5.0,0.03125,13.0,640.0,Unisoc,1,6199,640.0,13.0,0.1032424584610421,0.002097112437489918,4,7,1,3,3,2
64,2,1,16.76,6199,8.0,5.0,0.03125,13.0,640.0,Unisoc,1,6199,640.0,13.0,0.1032424584610421,0.002097112437489918,4,7,10,3,3,2
128,6,0,16.51,12499,48.0,16.0,0.046875,64.0,3840.0,MediaTek,1,12499,3840.0,64.0,0.3072245779662373,0.005120409632770622,12,2,4,1,0,2
64,4,0,17.02,9999,50.0,8.0,0.0625,58.0,1280.0,MediaTek,1,9999,1280.0,58.0,0.128012801280128,0.0058005800580058,4,2,10,0,3,2
256,8,0,16.94,17999,48.0,13.0,0.03125,61.0,10240.0,Snapdragon,1,17999,9600.0,61.0,0.533362964609145,0.003389077170953942,11,6,0,2,1,2
64,4,0,16.26,12499,50.0,16.0,0.0625,66.0,1280.0,MediaTek,1,12499,1280.0,66.0,0.10240819265541243,0.005280422433794703,12,2,0,0,3,2
64,4,0,16.76,11499,50.0,16.0,0.0625,66.0,1280.0,MediaTek,1,11499,1280.0,66.0,0.11131402730672232,0.00573962953300287,12,2,0,0,3,2
128,6,0,16.76,14490,50.0,13.0,0.046875,63.0,4608.0,Exynos,1,14490,4608.0,63.0,0.31801242236024846,0.004347826086956522,14,0,0,1,0,3
32,2,0,16.56,6299,8.0,5.0,0.0625,13.0,320.0,MediaTek,1,6299,320.0,13.0,0.05080171455786633,0.0020638196539133195,13,2,5,3,2,2
128,6,0,16.76,14490,50.0,13.0,0.046875,63.0,4608.0,Exynos,1,14490,4608.0,63.0,0.31801242236024846,0.004347826086956522,14,0,0,1,0,3
128,4,0,6.1,2615,2.0,0.0,0.03125,2.0,522.24,MediaTek,1,2615,522.24,2.0,0.1997093690248566,0.0007648183556405354,6,2,0,0,0,4
128,6,0,16.51,12499,48.0,16.0,0.046875,64.0,3840.0,MediaTek,1,12499,3840.0,64.0,0.3072245779662373,0.005120409632770622,12,2,1,1,0,2
128,6,0,15.6,28999,12.0,8.0,0.046875,20.0,3386.88,Google Tensor,1,28999,3386.88,20.0,0.11679299286182282,0.000689678954446705,1,1,10,1,0,1
128,6,0,15.6,28999,12.0,8.0,0.046875,20.0,3386.88,Google Tensor,1,28999,3386.88,20.0,0.11679299286182282,0.000689678954446705,1,1,0,1,0,1
32,2,0,16.56,6299,8.0,5.0,0.0625,13.0,320.0,MediaTek,1,6299,320.0,13.0,0.05080171455786633,0.0020638196539133195,13,2,0,3,2,2
64,4,1,16.76,11499,50.0,8.0,0.0625,58.0,1280.0,MediaTek,1,11499,1280.0,58.0,0.11131402730672232,0.005043916862335855,4,2,5,0,3,2
64,4,0,17.02,9999,50.0,8.0,0.0625,58.0,1280.0,MediaTek,1,9999,1280.0,58.0,0.128012801280128,0.0058005800580058,4,2,1,0,3,2
128,8,0,16.81,23999,50.0,16.0,0.0625,66.0,5120.0,Snapdragon,1,23999,5120.0,66.0,0.21334222259260802,0.0027501145881078377,12,6,0,2,0,2
128,8,0,16.81,23999,50.0,16.0,0.0625,66.0,5120.0,Snapdragon,1,23999,5120.0,66.0,0.21334222259260802,0.0027501145881078377,12,6,10,2,0,2
64,4,0,16.26,12499,50.0,16.0,0.0625,66.0,1280.0,MediaTek,1,12499,1280.0,66.0,0.10240819265541243,0.005280422433794703,12,2,10,0,3,2
64,6,0,16.94,14999,50.0,13.0,0.09375,63.0,1920.0,Snapdragon,1,14999,1920.0,63.0,0.12800853390226016,0.004200280018667911,13,6,3,1,3,2
64,4,1,16.76,11499,50.0,8.0,0.0625,58.0,1280.0,MediaTek,1,11499,1280.0,58.0,0.11131402730672232,0.005043916862335855,4,2,1,0,3,2
128,6,0,16.94,18999,48.0,13.0,0.046875,61.0,3840.0,Snapdragon,1,18999,3840.0,61.0,0.20211590083688616,0.0032106952997526185,13,6,1,1,0,2
128,6,0,16.94,18999,48.0,13.0,0.046875,61.0,3840.0,Snapdragon,1,18999,3840.0,61.0,0.20211590083688616,0.0032106952997526185,13,6,0,1,0,2
128,6,0,16.94,18999,48.0,13.0,0.046875,61.0,3840.0,Snapdragon,1,18999,3840.0,61.0,0.20211590083688616,0.0032106952997526185,13,6,1,1,0,2
64,4,0,17.02,9999,50.0,8.0,0.0625,58.0,1280.0,MediaTek,1,9999,1280.0,58.0,0.128012801280128,0.0058005800580058,4,2,0,0,3,2
128,4,0,16.94,16999,48.0,13.0,0.03125,61.0,2560.0,Snapdragon,1,16999,2560.0,61.0,0.15059709394670276,0.0035884463791987765,13,6,0,0,0,2
128,4,0,16.94,16999,48.0,13.0,0.03125,61.0,2560.0,Snapdragon,1,16999,2560.0,61.0,0.15059709394670276,0.0035884463791987765,13,6,1,0,0,2
64,4,1,16.76,11499,50.0,8.0,0.0625,58.0,1280.0,MediaTek,1,11499,1280.0,58.0,0.11131402730672232,0.005043916862335855,4,2,0,0,3,2
64,4,0,5.08,2490,2.0,0.0,0.0625,2.0,204.8,Other,1,2490,204.8,2.0,0.08224899598393574,0.0008032128514056225,6,4,0,0,3,4
64,4,0,16.51,7961,13.0,5.0,0.0625,18.0,1280.0,MediaTek,1,7961,1280.0,18.0,0.160783821127999,0.0022610224846124857,14,2,1,0,3,2
256,8,0,16.64,29999,50.0,32.0,0.03125,82.0,9011.2,MediaTek,1,29999,9011.2,82.0,0.30038334611153705,0.0027334244474815825,7,2,5,2,1,1
256,8,0,4.5,1299,0.0,0.0,0.03125,0.0,1638.4,Other,-1,1299,1638.4,0.0,1.2612779060816013,0.0,6,4,5,2,1,4
256,4,0,6.1,2499,2.0,0.0,0.015625,2.0,1044.48,MediaTek,-1,2499,1044.48,2.0,0.4179591836734694,0.0008003201280512205,6,2,5,0,1,4
128,6,0,16.71,11999,50.0,8.0,0.046875,58.0,3840.0,MediaTek,1,11999,3840.0,58.0,0.3200266688890741,0.004833736144678723,13,2,0,1,0,2
128,6,0,16.71,11999,50.0,8.0,0.046875,58.0,3840.0,MediaTek,1,11999,3840.0,58.0,0.3200266688890741,0.004833736144678723,13,2,8,1,0,2
256,8,0,16.76,23999,64.0,16.0,0.03125,80.0,10403.84,MediaTek,1,23999,9600.0,80.0,0.40001666736114005,0.0033334722280095003,13,2,0,2,1,2
64,4,0,16.51,8999,48.0,8.0,0.0625,56.0,1280.0,Unisoc,1,8999,1280.0,56.0,0.14223802644738304,0.006222913657073008,7,7,4,0,3,2
128,6,0,16.59,9499,13.0,5.0,0.046875,18.0,3840.0,MediaTek,1,9499,3840.0,18.0,0.4042530792715023,0.0018949363090851668,13,2,5,1,0,2
64,6,0,16.94,14999,50.0,13.0,0.09375,63.0,1920.0,Snapdragon,1,14999,1920.0,63.0,0.12800853390226016,0.004200280018667911,13,6,1,1,3,2
128,6,0,16.76,16999,50.0,8.0,0.046875,58.0,3840.0,Snapdragon,1,16999,3840.0,58.0,0.22589564092005412,0.003411965409729984,14,6,3,1,0,2
64,4,0,16.43,11248,50.0,16.0,0.0625,66.0,1280.0,Snapdragon,1,11248,1280.0,66.0,0.11379800853485064,0.005867709815078236,7,6,5,0,3,2
128,4,0,16.51,9999,13.0,8.0,0.03125,21.0,3072.0,MediaTek,1,9999,3072.0,21.0,0.30723072307230725,0.0021002100210021,12,2,4,0,0,3
256,8,0,16.94,23999,108.0,16.0,0.03125,124.0,10240.0,Snapdragon,1,23999,9600.0,124.0,0.40001666736114005,0.0051668819534147255,11,6,1,2,1,2
128,6,0,16.76,17999,50.0,16.0,0.046875,66.0,3840.0,MediaTek,1,17999,3840.0,66.0,0.21334518584365797,0.0036668703816878714,12,2,8,1,0,2
128,8,0,16.26,15499,50.0,16.0,0.0625,66.0,5120.0,MediaTek,1,15499,5120.0,66.0,0.33034389315439705,0.0042583392476933995,12,2,10,2,0,2
64,2,0,16.51,6799,13.0,5.0,0.03125,18.0,640.0,Unisoc,1,6799,640.0,18.0,0.09413148992498897,0.002647448154140315,7,7,0,3,3,2
128,6,0,16.76,16999,50.0,8.0,0.046875,58.0,3840.0,Snapdragon,1,16999,3840.0,58.0,0.22589564092005412,0.003411965409729984,14,6,5,1,0,2
128,6,0,16.51,14499,48.0,8.0,0.046875,56.0,3840.0,MediaTek,1,14499,3840.0,56.0,0.2648458514380302,0.0038623353334712738,11,2,3,1,0,2
32,2,0,16.76,5999,8.0,5.0,0.0625,13.0,320.0,MediaTek,1,5999,320.0,13.0,0.053342223703950656,0.0021670278379729954,4,2,0,3,2,2
32,2,0,16.76,5999,8.0,5.0,0.0625,13.0,320.0,MediaTek,1,5999,320.0,13.0,0.053342223703950656,0.0021670278379729954,4,2,1,3,2,2
32,2,0,16.76,5999,8.0,5.0,0.0625,13.0,320.0,MediaTek,1,5999,320.0,13.0,0.053342223703950656,0.0021670278379729954,4,2,1,3,2,2
256,8,0,16.94,23999,108.0,16.0,0.03125,124.0,10240.0,Snapdragon,1,23999,9600.0,124.0,0.40001666736114005,0.0051668819534147255,11,6,0,2,1,2
128,4,0,16.94,16999,48.0,13.0,0.03125,61.0,2560.0,Snapdragon,1,16999,2560.0,61.0,0.15059709394670276,0.0035884463791987765,13,6,1,0,0,2
64,6,0,16.94,14999,50.0,13.0,0.09375,63.0,1920.0,Snapdragon,1,14999,1920.0,63.0,0.12800853390226016,0.004200280018667911,13,6,0,1,3,2
128,6,1,16.76,13499,50.0,8.0,0.046875,58.0,3840.0,MediaTek,1,13499,3840.0,58.0,0.2844655159641455,0.004296614564041781,4,2,5,1,0,2
64,4,0,16.56,8749,13.0,5.0,0.0625,18.0,1280.0,Unisoc,1,8749,1280.0,18.0,0.14630243456395017,0.0020573779860555493,12,7,5,0,3,2
32,3,0,16.56,8049,13.0,5.0,0.09375,18.0,480.0,Unisoc,1,8049,480.0,18.0,0.05963473723443906,0.0022363026462914647,12,7,4,3,2,2
32,3,0,4.5,1375,0.0,0.0,0.09375,0.0,244.79999999999998,Other,-1,1375,244.79999999999998,0.0,0.17803636363636363,0.0,6,4,4,3,2,4
32,3,0,4.5,1599,0.0,0.0,0.09375,0.0,76.80000000000001,Other,-1,1599,76.80000000000001,0.0,0.048030018761726086,0.0,18,4,4,3,2,4
64,4,0,16.66,12499,50.0,5.0,0.0625,55.0,1280.0,MediaTek,1,12499,1280.0,55.0,0.10240819265541243,0.004400352028162253,10,2,1,0,3,2
128,8,0,16.76,17999,48.0,16.0,0.0625,64.0,5120.0,Snapdragon,1,17999,5120.0,64.0,0.284460247791544,0.0035557530973942997,12,6,1,2,0,2
128,8,0,16.76,17999,48.0,16.0,0.0625,64.0,5120.0,Snapdragon,1,17999,5120.0,64.0,0.284460247791544,0.0035557530973942997,12,6,3,2,0,2
128,6,0,16.76,16999,50.0,8.0,0.046875,58.0,3840.0,MediaTek,1,16999,3840.0,58.0,0.22589564092005412,0.003411965409729984,12,2,1,1,0,2
64,4,0,16.76,14999,50.0,8.0,0.0625,58.0,1280.0,MediaTek,1,14999,1280.0,58.0,0.08533902260150676,0.0038669244616307756,12,2,0,0,3,2
128,8,0,16.33,13999,64.0,16.0,0.0625,80.0,5120.0,MediaTek,1,13999,5120.0,80.0,0.3657404100292878,0.005714693906707622,11,2,1,2,0,2
64,4,0,16.51,9999,50.0,5.0,0.0625,55.0,1280.0,Unisoc,1,9999,1280.0,55.0,0.128012801280128,0.005500550055005501,12,7,3,0,3,2
64,4,0,16.51,9999,50.0,5.0,0.0625,55.0,1280.0,Unisoc,1,9999,1280.0,55.0,0.128012801280128,0.005500550055005501,12,7,1,0,3,2
64,4,0,16.51,9999,50.0,5.0,0.0625,55.0,1280.0,Unisoc,1,9999,1280.0,55.0,0.128012801280128,0.005500550055005501,12,7,0,0,3,2
32,3,0,16.56,8049,13.0,5.0,0.09375,18.0,480.0,Unisoc,1,8049,480.0,18.0,0.05963473723443906,0.0022363026462914647,12,7,5,3,2,2
32,4,0,6.1,2499,2.0,0.0,0.125,2.0,130.56,MediaTek,-1,2499,130.56,2.0,0.052244897959183675,0.0008003201280512205,6,2,5,0,2,4
128,6,1,16.76,13499,50.0,8.0,0.046875,58.0,3840.0,MediaTek,1,13499,3840.0,58.0,0.2844655159641455,0.004296614564041781,4,2,1,1,0,2
128,6,0,16.76,16999,50.0,8.0,0.046875,58.0,3840.0,MediaTek,1,16999,3840.0,58.0,0.22589564092005412,0.003411965409729984,12,2,3,1,0,2
128,6,0,16.76,16999,50.0,8.0,0.046875,58.0,3840.0,MediaTek,1,16999,3840.0,58.0,0.22589564092005412,0.003411965409729984,12,2,0,1,0,2
64,4,0,16.76,14999,50.0,8.0,0.0625,58.0,1280.0,MediaTek,1,14999,1280.0,58.0,0.08533902260150676,0.0038669244616307756,12,2,1,0,3,2
32,3,0,16.51,7499,13.0,5.0,0.09375,18.0,480.0,Unisoc,1,7499,480.0,18.0,0.06400853447126284,0.002400320042672356,12,7,0,3,2,2
32,3,0,16.51,7245,8.0,5.0,0.09375,13.0,480.0,Unisoc,1,7245,480.0,13.0,0.06625258799171843,0.0017943409247757074,12,7,1,3,2,2
256,8,0,16.94,17999,48.0,13.0,0.03125,61.0,10240.0,Snapdragon,1,17999,9600.0,61.0,0.533362964609145,0.003389077170953942,11,6,1,2,1,2
256,8,0,16.94,26999,50.0,16.0,0.03125,66.0,10240.0,MediaTek,1,26999,9600.0,66.0,0.355568724767584,0.00244453498277714,13,2,8,2,1,2
128,6,0,16.94,23999,50.0,16.0,0.046875,66.0,3840.0,MediaTek,1,23999,3840.0,66.0,0.160006666944456,0.0027501145881078377,13,2,8,1,0,2
64,4,0,16.56,8749,13.0,5.0,0.0625,18.0,1280.0,Unisoc,1,8749,1280.0,18.0,0.14630243456395017,0.0020573779860555493,12,7,4,0,3,2
128,6,0,16.94,21999,108.0,16.0,0.046875,124.0,3840.0,Snapdragon,1,21999,3840.0,124.0,0.17455338879039956,0.005636619846356653,11,6,1,1,0,2
128,8,0,17.22,15999,50.0,16.0,0.0625,66.0,5120.0,MediaTek,1,15999,5120.0,66.0,0.3200200012500781,0.0041252578286142885,4,2,0,2,0,2
128,6,0,16.94,17499,64.0,16.0,0.046875,80.0,3840.0,Snapdragon,1,17499,3840.0,80.0,0.21944111092062404,0.004571689810846334,11,6,3,1,0,2
128,8,0,16.76,21499,50.0,16.0,0.0625,66.0,5120.0,Snapdragon,1,21499,5120.0,66.0,0.23815061165635612,0.0030699102283827154,7,6,4,2,0,2
64,4,0,16.76,14999,50.0,8.0,0.0625,58.0,1280.0,MediaTek,1,14999,1280.0,58.0,0.08533902260150676,0.0038669244616307756,12,2,3,0,3,2
256,8,0,16.94,29999,200.0,16.0,0.03125,216.0,10199.04,MediaTek,-1,29999,9600.0,133.5,0.3200106670222341,0.004450148338277942,13,2,1,2,1,1
128,8,0,16.36,17999,50.0,16.0,0.0625,66.0,5120.0,Snapdragon,1,17999,5120.0,66.0,0.284460247791544,0.0036668703816878714,16,6,0,2,0,2
128,8,0,16.36,17999,50.0,16.0,0.0625,66.0,5120.0,Snapdragon,1,17999,5120.0,66.0,0.284460247791544,0.0036668703816878714,16,6,1,2,0,2
128,6,0,16.36,15999,50.0,16.0,0.046875,66.0,3840.0,Snapdragon,1,15999,3840.0,66.0,0.2400150009375586,0.0041252578286142885,16,6,1,1,0,2
128,4,0,16.36,14499,50.0,16.0,0.03125,66.0,2560.0,Snapdragon,1,14499,2560.0,66.0,0.1765639009586868,0.004552038071591144,16,6,0,0,0,2
128,6,0,16.36,15999,50.0,16.0,0.046875,66.0,3840.0,Snapdragon,1,15999,3840.0,66.0,0.2400150009375586,0.0041252578286142885,16,6,1,1,0,2
128,8,0,16.76,21499,50.0,16.0,0.0625,66.0,5120.0,Snapdragon,1,21499,5120.0,66.0,0.23815061165635612,0.0030699102283827154,7,6,10,2,0,2
128,6,0,16.26,12999,50.0,13.0,0.046875,63.0,3840.0,MediaTek,1,12999,3840.0,63.0,0.2954073390260789,0.004846526655896607,7,2,1,1,0,2
256,8,0,16.94,29999,200.0,16.0,0.03125,216.0,10199.04,MediaTek,-1,29999,9600.0,133.5,0.3200106670222341,0.004450148338277942,13,2,0,2,1,1
32,3,0,16.51,7115,8.0,5.0,0.09375,13.0,480.0,Unisoc,1,7115,480.0,13.0,0.06746310611384398,0.0018271257905832748,12,7,5,3,2,2
64,2,0,16.51,6799,13.0,5.0,0.03125,18.0,640.0,Unisoc,1,6799,640.0,18.0,0.09413148992498897,0.002647448154140315,7,7,5,3,3,2
128,6,0,16.94,23999,50.0,16.0,0.046875,66.0,3840.0,MediaTek,1,23999,3840.0,66.0,0.160006666944456,0.0027501145881078377,13,2,1,1,0,2
128,4,0,16.36,14499,50.0,16.0,0.03125,66.0,2560.0,Snapdragon,1,14499,2560.0,66.0,0.1765639009586868,0.004552038071591144,16,6,1,0,0,2
128,8,0,16.76,49999,50.0,10.0,0.0625,60.0,4608.0,Snapdragon,1,34265,4608.0,60.0,0.13448124908799067,0.0017510579308332118,14,6,0,2,0,1
128,8,0,17.22,15999,50.0,16.0,0.0625,66.0,5120.0,MediaTek,1,15999,5120.0,66.0,0.3200200012500781,0.0041252578286142885,4,2,10,2,0,2
256,8,0,16.94,23999,108.0,16.0,0.03125,124.0,10240.0,Snapdragon,1,23999,9600.0,124.0,0.40001666736114005,0.0051668819534147255,11,6,3,2,1,2
128,8,0,17.22,32999,50.0,50.0,0.0625,100.0,4710.4,MediaTek,1,32999,4710.4,100.0,0.1427437195066517,0.0030303948604503165,16,2,0,2,0,1
64,4,0,16.76,12999,50.0,16.0,0.0625,66.0,1280.0,MediaTek,1,12999,1280.0,66.0,0.09846911300869297,0.005077313639510732,12,2,1,0,3,2
64,4,1,17.32,8499,13.0,8.0,0.0625,21.0,1536.0,MediaTek,1,8499,1536.0,21.0,0.18072714436992587,0.0024708789269325803,4,2,8,0,3,3
64,4,1,17.32,8499,13.0,8.0,0.0625,21.0,1536.0,MediaTek,1,8499,1536.0,21.0,0.18072714436992587,0.0024708789269325803,4,2,5,0,3,3
64,4,1,17.32,8499,13.0,8.0,0.0625,21.0,1536.0,MediaTek,1,8499,1536.0,21.0,0.18072714436992587,0.0024708789269325803,4,2,1,0,3,3
64,4,1,17.32,8499,13.0,8.0,0.0625,21.0,1536.0,MediaTek,1,8499,1536.0,21.0,0.18072714436992587,0.0024708789269325803,4,2,0,0,3,3
128,6,0,16.76,12999,50.0,16.0,0.046875,66.0,3840.0,MediaTek,1,12999,3840.0,66.0,0.2954073390260789,0.005077313639510732,12,2,1,1,0,2
256,8,0,16.94,17999,48.0,13.0,0.03125,61.0,10240.0,Snapdragon,1,17999,9600.0,61.0,0.533362964609145,0.003389077170953942,11,6,5,2,1,2
128,6,0,16.76,13999,50.0,16.0,0.046875,66.0,3840.0,Snapdragon,1,13999,3840.0,66.0,0.27430530752196586,0.004714622473033788,7,6,0,1,0,2
128,8,0,16.36,17999,50.0,16.0,0.0625,66.0,5120.0,Snapdragon,1,17999,5120.0,66.0,0.284460247791544,0.0036668703816878714,16,6,1,2,0,2
128,6,0,16.36,15999,50.0,16.0,0.046875,66.0,3840.0,Snapdragon,1,15999,3840.0,66.0,0.2400150009375586,0.0041252578286142885,16,6,0,1,0,2
128,6,0,16.76,12999,50.0,16.0,0.046875,66.0,3840.0,MediaTek,1,12999,3840.0,66.0,0.2954073390260789,0.005077313639510732,12,2,0,1,0,2
64,3,0,16.66,9499,8.0,5.0,0.046875,13.0,960.0,MediaTek,1,9499,960.0,13.0,0.10106326981787557,0.001368565112117065,10,2,1,3,3,2
128,8,0,16.94,25999,50.0,16.0,0.0625,66.0,5120.0,MediaTek,1,25999,5120.0,66.0,0.1969306511788915,0.002538559175352898,13,2,8,2,0,2
128,8,0,17.22,32999,50.0,50.0,0.0625,100.0,4710.4,MediaTek,1,32999,4710.4,100.0,0.1427437195066517,0.0030303948604503165,16,2,1,2,0,1
128,4,0,16.51,10999,13.0,8.0,0.03125,21.0,3072.0,MediaTek,1,10999,3072.0,21.0,0.27929811801072824,0.0019092644785889627,12,2,1,0,0,3
128,8,0,17.22,15999,50.0,16.0,0.0625,66.0,5120.0,MediaTek,1,15999,5120.0,66.0,0.3200200012500781,0.0041252578286142885,4,2,6,2,0,2
256,8,0,16.94,29999,64.0,16.0,0.03125,80.0,10240.0,Snapdragon,1,29999,9600.0,80.0,0.3200106670222341,0.0026667555585186175,11,6,10,2,1,2
16,2,0,15.46,4999,13.0,5.0,0.125,18.0,160.0,Octa-Core,1,4999,160.0,18.0,0.03200640128025605,0.0036007201440288058,13,3,7,3,4,2
16,8,0,6.1,3549,2.0,0.0,0.5,2.0,153.6,MediaTek,-1,3549,153.6,2.0,0.043279797125950974,0.0005635390250774866,13,2,7,2,4,4
16,4,0,4.5,1699,0.0,0.0,0.25,0.0,64.0,MediaTek,-1,1699,64.0,0.0,0.03766921718658034,0.0,13,2,7,0,4,4
16,4,0,4.57,920,0.0,0.0,0.25,0.0,64.0,Unisoc,-1,920,64.0,0.0,0.06956521739130435,0.0,13,7,7,0,4,4
16,4,0,4.57,920,0.0,0.0,0.25,0.0,64.0,Unisoc,-1,920,64.0,0.0,0.06956521739130435,0.0,13,7,7,0,4,4
128,6,0,17.02,10999,50.0,5.0,0.046875,55.0,4608.0,Snapdragon,1,10999,4608.0,55.0,0.41894717701609235,0.005000454586780617,13,6,0,1,0,3
64,4,0,16.66,11970,50.0,5.0,0.0625,55.0,1280.0,MediaTek,1,11970,1280.0,55.0,0.10693400167084377,0.004594820384294068,10,2,1,0,3,2
64,4,0,6.1,1199,0.0,0.0,0.0625,0.0,384.0,MediaTek,-1,1199,384.0,0.0,0.3202668890742285,0.0,6,2,1,0,3,4
128,6,0,16.94,16999,50.0,13.0,0.046875,63.0,3840.0,Snapdragon,1,16999,3840.0,63.0,0.22589564092005412,0.003706100358844638,13,6,3,1,0,2
128,6,0,16.71,11999,50.0,8.0,0.046875,58.0,3840.0,MediaTek,1,11999,3840.0,58.0,0.3200266688890741,0.004833736144678723,13,2,5,1,0,2
128,8,0,16.94,25999,50.0,16.0,0.0625,66.0,5120.0,MediaTek,1,25999,5120.0,66.0,0.1969306511788915,0.002538559175352898,13,2,0,2,0,2
32,3,0,16.56,5999,8.0,5.0,0.09375,13.0,480.0,Unisoc,1,5999,480.0,13.0,0.08001333555592599,0.0021670278379729954,6,7,4,3,2,2
256,8,0,16.94,29999,200.0,16.0,0.03125,216.0,10199.04,MediaTek,-1,29999,9600.0,133.5,0.3200106670222341,0.004450148338277942,13,2,10,2,1,1
128,6,0,16.94,16999,50.0,13.0,0.046875,63.0,3840.0,Snapdragon,1,16999,3840.0,63.0,0.22589564092005412,0.003706100358844638,13,6,0,1,0,2
64,4,0,16.66,12499,50.0,5.0,0.0625,55.0,1280.0,MediaTek,1,12499,1280.0,55.0,0.10240819265541243,0.004400352028162253,10,2,3,0,3,2
64,4,0,16.66,12499,50.0,5.0,0.0625,55.0,1280.0,MediaTek,1,12499,1280.0,55.0,0.10240819265541243,0.004400352028162253,10,2,0,0,3,2
128,6,0,16.94,21999,108.0,16.0,0.046875,124.0,3840.0,Snapdragon,1,21999,3840.0,124.0,0.17455338879039956,0.005636619846356653,11,6,3,1,0,2
256,8,0,16.26,21999,50.0,16.0,0.03125,66.0,9216.0,MediaTek,1,21999,9216.0,66.0,0.418928133096959,0.0030001363698349925,12,2,5,2,1,1
256,8,0,16.26,21999,50.0,16.0,0.03125,66.0,9216.0,MediaTek,1,21999,9216.0,66.0,0.418928133096959,0.0030001363698349925,12,2,0,2,1,1
64,4,0,16.71,9999,50.0,8.0,0.0625,58.0,1280.0,MediaTek,1,9999,1280.0,58.0,0.128012801280128,0.0058005800580058,13,2,5,0,3,2
256,8,0,16.94,26999,50.0,16.0,0.03125,66.0,10240.0,MediaTek,1,26999,9600.0,66.0,0.355568724767584,0.00244453498277714,13,2,1,2,1,2
128,6,0,16.94,23999,50.0,16.0,0.046875,66.0,3840.0,MediaTek,1,23999,3840.0,66.0,0.160006666944456,0.0027501145881078377,13,2,0,1,0,2
128,6,0,16.94,16999,50.0,13.0,0.046875,63.0,3840.0,Snapdragon,1,16999,3840.0,63.0,0.22589564092005412,0.003706100358844638,13,6,1,1,0,2
64,4,0,16.51,13499,48.0,16.0,0.0625,64.0,1280.0,MediaTek,1,13499,1280.0,64.0,0.09482183865471516,0.004741091932735758,12,2,4,0,3,2
128,6,0,16.94,21999,108.0,16.0,0.046875,124.0,3840.0,Snapdragon,1,21999,3840.0,124.0,0.17455338879039956,0.005636619846356653,11,6,0,1,0,2
64,4,1,17.32,8999,50.0,8.0,0.0625,58.0,1536.0,MediaTek,1,8999,1536.0,58.0,0.17068563173685966,0.006445160573397044,4,2,1,0,3,3
64,4,1,17.32,8999,50.0,8.0,0.0625,58.0,1536.0,MediaTek,1,8999,1536.0,58.0,0.17068563173685966,0.006445160573397044,4,2,0,0,3,3
64,4,1,17.32,8999,50.0,8.0,0.0625,58.0,1536.0,MediaTek,1,8999,1536.0,58.0,0.17068563173685966,0.006445160573397044,4,2,8,0,3,3
64,4,1,17.32,8999,50.0,8.0,0.0625,58.0,1536.0,MediaTek,1,8999,1536.0,58.0,0.17068563173685966,0.006445160573397044,4,2,1,0,3,3
256,4,0,16.94,32999,200.0,16.0,0.015625,216.0,5099.52,MediaTek,-1,32999,5099.52,133.5,0.154535591987636,0.004045577138701173,13,2,1,0,1,1
64,4,0,16.64,10999,50.0,16.0,0.0625,66.0,1280.0,Snapdragon,1,10999,1280.0,66.0,0.11637421583780344,0.00600054550413674,7,6,4,0,3,2
128,6,0,16.64,16999,108.0,16.0,0.046875,124.0,3840.0,MediaTek,1,16999,3840.0,124.0,0.22589564092005412,0.007294546738043414,7,2,4,1,0,2
32,3,0,16.56,5999,8.0,5.0,0.09375,13.0,480.0,Unisoc,1,5999,480.0,13.0,0.08001333555592599,0.0021670278379729954,6,7,2,3,2,2
128,4,0,16.54,12990,13.0,5.0,0.03125,18.0,2560.0,MediaTek,1,12990,2560.0,18.0,0.19707467282525018,0.0013856812933025404,16,2,3,0,0,2
256,8,0,16.64,29999,50.0,32.0,0.03125,82.0,9011.2,MediaTek,1,29999,9011.2,82.0,0.30038334611153705,0.0027334244474815825,7,2,1,2,1,1
64,6,0,16.94,16499,64.0,16.0,0.09375,80.0,1920.0,Snapdragon,1,16499,1920.0,80.0,0.1163706891326747,0.004848778713861446,11,6,3,1,3,2
256,8,0,16.94,29999,64.0,16.0,0.03125,80.0,10240.0,Snapdragon,1,29999,9600.0,80.0,0.3200106670222341,0.0026667555585186175,11,6,0,2,1,2
256,8,0,16.26,21999,50.0,16.0,0.03125,66.0,9216.0,MediaTek,1,21999,9216.0,66.0,0.418928133096959,0.0030001363698349925,12,2,1,2,1,1
32,2,0,16.51,6978,8.0,5.0,0.0625,13.0,320.0,Other,1,6978,320.0,13.0,0.04585841215247922,0.0018629979936944684,12,4,0,3,2,2
32,2,0,16.51,7370,8.0,5.0,0.0625,13.0,320.0,Other,1,7370,320.0,13.0,0.04341926729986431,0.0017639077340569878,12,4,5,3,2,2
256,2,0,16.94,32999,200.0,16.0,0.0078125,216.0,2549.76,MediaTek,-1,32999,2549.76,133.5,0.077267795993818,0.004045577138701173,13,2,10,3,1,1
64,2,0,16.51,6799,13.0,5.0,0.03125,18.0,640.0,Unisoc,1,6799,640.0,18.0,0.09413148992498897,0.002647448154140315,7,7,10,3,3,2
128,4,0,16.76,15999,50.0,8.0,0.03125,58.0,2560.0,Snapdragon,1,15999,2560.0,58.0,0.16001000062503906,0.0036252265766610415,14,6,5,0,0,2
128,8,0,17.02,44999,12.0,10.0,0.0625,22.0,3379.2,Snapdragon,1,34265,3379.2,22.0,0.09861958266452647,0.0006420545746388443,14,6,0,2,0,0
128,6,0,16.76,16999,50.0,16.0,0.046875,66.0,3840.0,MediaTek,1,16999,3840.0,66.0,0.22589564092005412,0.0038825813283134302,11,2,1,1,0,2
64,4,0,16.43,13999,50.0,16.0,0.0625,66.0,1280.0,Snapdragon,1,13999,1280.0,66.0,0.09143510250732195,0.004714622473033788,7,6,5,0,3,2
128,6,0,16.71,13999,50.0,8.0,0.046875,58.0,3840.0,MediaTek,1,13999,3840.0,58.0,0.27430530752196586,0.004143153082363026,11,2,1,1,0,2
32,3,0,16.51,8999,50.0,5.0,0.09375,55.0,480.0,Unisoc,1,8999,480.0,55.0,0.05333925991776864,0.00611179019891099,12,7,0,3,2,2
32,3,0,16.51,8999,50.0,5.0,0.09375,55.0,480.0,Unisoc,1,8999,480.0,55.0,0.05333925991776864,0.00611179019891099,12,7,1,3,2,2
64,4,0,16.51,8995,8.0,5.0,0.0625,13.0,1280.0,Unisoc,1,8995,1280.0,13.0,0.1423012784880489,0.0014452473596442469,12,7,1,0,3,2
128,8,0,17.02,15999,108.0,60.0,0.0625,168.0,4608.0,MediaTek,1,15999,4608.0,133.5,0.2880180011250703,0.008344271516969811,4,2,5,2,0,1
128,8,0,17.02,15999,108.0,60.0,0.0625,168.0,4608.0,MediaTek,1,15999,4608.0,133.5,0.2880180011250703,0.008344271516969811,4,2,4,2,0,1
128,4,0,16.26,13499,64.0,16.0,0.03125,80.0,2560.0,MediaTek,1,13499,2560.0,80.0,0.18964367730943033,0.005926364915919698,12,2,0,0,0,2
64,4,0,16.51,9999,50.0,5.0,0.0625,55.0,1280.0,Unisoc,1,9999,1280.0,55.0,0.128012801280128,0.005500550055005501,12,7,0,0,3,2
64,4,0,16.51,9999,50.0,5.0,0.0625,55.0,1280.0,Unisoc,1,9999,1280.0,55.0,0.128012801280128,0.005500550055005501,12,7,3,0,3,2
64,4,0,16.51,9999,50.0,5.0,0.0625,55.0,1280.0,Unisoc,1,9999,1280.0,55.0,0.128012801280128,0.005500550055005501,12,7,1,0,3,2
128,8,0,16.26,15499,64.0,16.0,0.0625,80.0,5120.0,MediaTek,1,15499,5120.0,80.0,0.33034389315439705,0.005161623330537454,12,2,0,2,0,2
128,8,0,16.71,16999,50.0,16.0,0.0625,66.0,5120.0,Snapdragon,1,16999,5120.0,66.0,0.3011941878934055,0.0038825813283134302,16,6,1,2,0,2
128,8,0,16.71,16999,50.0,16.0,0.0625,66.0,5120.0,Snapdragon,1,16999,5120.0,66.0,0.3011941878934055,0.0038825813283134302,16,6,0,2,0,2
128,8,0,16.64,24999,50.0,32.0,0.0625,82.0,4116.48,Snapdragon,1,24999,4116.48,82.0,0.16466578663146525,0.00328013120524821,7,6,5,2,0,1
128,6,0,16.64,16999,108.0,16.0,0.046875,124.0,3840.0,MediaTek,1,16999,3840.0,124.0,0.22589564092005412,0.007294546738043414,7,2,1,1,0,2
64,4,0,16.76,11249,50.0,16.0,0.0625,66.0,1280.0,Snapdragon,1,11249,1280.0,66.0,0.11378789225708952,0.005867188194506178,7,6,0,0,3,2
128,8,0,16.64,34999,50.0,32.0,0.0625,82.0,4505.6,Snapdragon,1,34265,4505.6,82.0,0.13149277688603533,0.002393112505472056,7,6,4,2,0,1
128,6,0,16.76,21174,64.0,16.0,0.046875,80.0,3901.44,MediaTek,1,21174,3901.44,80.0,0.18425616321904223,0.0037782185699442713,13,2,4,1,0,2
64,4,1,17.02,10999,50.0,16.0,0.0625,66.0,1280.0,MediaTek,1,10999,1280.0,66.0,0.11637421583780344,0.00600054550413674,4,2,0,0,3,2
128,8,0,15.49,43999,64.0,13.0,0.0625,77.0,4403.2,Google Tensor,1,34265,4403.2,77.0,0.12850430468407997,0.0022471910112359553,1,1,1,2,0,1
128,8,0,15.49,43999,64.0,13.0,0.0625,77.0,4403.2,Google Tensor,1,34265,4403.2,77.0,0.12850430468407997,0.0022471910112359553,1,1,0,2,0,1
64,4,0,16.76,7993,13.0,8.0,0.0625,21.0,1280.0,MediaTek,1,7993,1280.0,21.0,0.16014012260728136,0.00262729888652571,15,2,0,0,3,2
64,4,0,16.76,8069,13.0,8.0,0.0625,21.0,1280.0,MediaTek,1,8069,1280.0,21.0,0.15863180071880034,0.002602552980542818,15,2,1,0,3,2
128,8,0,16.64,24999,50.0,32.0,0.0625,82.0,4116.48,Snapdragon,1,24999,4116.48,82.0,0.16466578663146525,0.00328013120524821,7,6,4,2,0,1
128,8,0,17.02,29999,108.0,32.0,0.0625,140.0,4915.2,Snapdragon,1,29999,4915.2,133.5,0.16384546151538384,0.004450148338277942,10,6,3,2,0,1
64,4,0,16.76,16499,50.0,13.0,0.0625,63.0,1280.0,Exynos,1,16499,1280.0,63.0,0.07758045942178314,0.003818413237165889,14,0,9,0,3,2
64,4,0,16.51,9499,50.0,8.0,0.0625,58.0,1280.0,MediaTek,1,9499,1280.0,58.0,0.13475102642383407,0.006105905884829982,7,2,0,0,3,2
128,8,0,16.94,25999,50.0,16.0,0.0625,66.0,5120.0,MediaTek,1,25999,5120.0,66.0,0.1969306511788915,0.002538559175352898,13,2,1,2,0,2
256,8,0,16.94,29999,64.0,16.0,0.03125,80.0,10240.0,Snapdragon,1,29999,9600.0,80.0,0.3200106670222341,0.0026667555585186175,11,6,1,2,1,2
128,6,0,16.76,18999,50.0,13.0,0.046875,63.0,3840.0,Exynos,1,18999,3840.0,63.0,0.20211590083688616,0.0033159639981051635,14,0,0,1,0,2
128,8,0,17.02,29999,108.0,32.0,0.0625,140.0,4915.2,Snapdragon,1,29999,4915.2,133.5,0.16384546151538384,0.004450148338277942,10,6,0,2,0,1
128,6,0,16.76,18999,50.0,13.0,0.046875,63.0,3840.0,Exynos,1,18999,3840.0,63.0,0.20211590083688616,0.0033159639981051635,14,0,5,1,0,2
128,6,1,17.02,12999,50.0,16.0,0.046875,66.0,3840.0,MediaTek,1,12999,3840.0,66.0,0.2954073390260789,0.005077313639510732,4,2,0,1,0,2
128,4,0,16.76,15999,50.0,8.0,0.03125,58.0,2560.0,Snapdragon,1,15999,2560.0,58.0,0.16001000062503906,0.0036252265766610415,14,6,1,0,0,2
64,4,0,16.59,8999,13.0,5.0,0.0625,18.0,1280.0,MediaTek,1,8999,1280.0,18.0,0.14223802644738304,0.002000222246916324,11,2,0,0,3,2
64,4,0,17.02,9499,50.0,5.0,0.0625,55.0,1536.0,Snapdragon,1,9499,1536.0,55.0,0.1617012317086009,0.005790083166649121,13,6,1,0,3,3
64,6,0,16.94,17999,64.0,20.0,0.09375,84.0,1728.0,Snapdragon,1,17999,1728.0,84.0,0.0960053336296461,0.004666925940330018,11,6,1,1,3,1
256,6,0,16.94,32999,64.0,16.0,0.0234375,80.0,7680.0,Snapdragon,1,32999,7680.0,80.0,0.2327343252825843,0.0024243158883602532,11,6,10,1,1,2
128,8,0,15.49,43999,64.0,13.0,0.0625,77.0,4403.2,Google Tensor,1,34265,4403.2,77.0,0.12850430468407997,0.0022471910112359553,1,1,10,2,0,1
128,8,0,16.64,30499,50.0,16.0,0.0625,66.0,4608.0,Snapdragon,1,30499,4608.0,66.0,0.15108692088265188,0.0021640053772254827,19,6,10,2,0,1
128,8,0,16.64,30999,50.0,16.0,0.0625,66.0,4608.0,Snapdragon,1,30999,4608.0,66.0,0.14864995645020807,0.0021291009387399596,1,6,10,2,0,1
64,4,0,16.51,7999,13.0,8.0,0.0625,21.0,1280.0,Octa-Core,1,7999,1280.0,21.0,0.16002000250031254,0.0026253281660207524,2,3,1,0,3,2
64,4,0,16.64,10999,50.0,16.0,0.0625,66.0,1280.0,Snapdragon,1,10999,1280.0,66.0,0.11637421583780344,0.00600054550413674,7,6,4,0,3,2
64,4,0,16.76,9290,50.0,8.0,0.0625,58.0,1280.0,MediaTek,1,9290,1280.0,58.0,0.1377825618945102,0.006243272335844994,15,2,1,0,3,2
64,4,0,16.76,14999,50.0,16.0,0.0625,66.0,1280.0,MediaTek,1,14999,1280.0,66.0,0.08533902260150676,0.004400293352890192,11,2,3,0,3,2
64,4,0,16.76,8449,50.0,8.0,0.0625,58.0,1280.0,MediaTek,1,8449,1280.0,58.0,0.15149721860575216,0.0068647177180731446,15,2,8,0,3,2
256,8,0,17.22,17999,50.0,16.0,0.03125,66.0,10240.0,MediaTek,1,17999,9600.0,66.0,0.533362964609145,0.0036668703816878714,4,2,10,2,1,2
64,4,0,16.76,8495,50.0,8.0,0.0625,58.0,1280.0,MediaTek,1,8495,1280.0,58.0,0.15067686874632136,0.006827545615067687,15,2,3,0,3,2
256,8,0,17.22,17999,50.0,16.0,0.03125,66.0,10240.0,MediaTek,1,17999,9600.0,66.0,0.533362964609145,0.0036668703816878714,4,2,0,2,1,2
64,4,0,16.51,7999,13.0,8.0,0.0625,21.0,1280.0,Octa-Core,1,7999,1280.0,21.0,0.16002000250031254,0.0026253281660207524,2,3,1,0,3,2
64,4,0,16.54,11999,13.0,5.0,0.0625,18.0,1280.0,MediaTek,1,11999,1280.0,18.0,0.10667555629635803,0.0015001250104175348,16,2,0,0,3,2
64,3,0,16.54,10499,13.0,5.0,0.046875,18.0,960.0,MediaTek,1,10499,960.0,18.0,0.0914372797409277,0.0017144489951423944,16,2,3,3,3,2
128,4,0,16.54,12999,13.0,5.0,0.03125,18.0,2560.0,MediaTek,1,12999,2560.0,18.0,0.19693822601738595,0.0013847219016847449,16,2,0,0,0,2
128,8,0,16.64,29499,50.0,16.0,0.0625,66.0,4608.0,Snapdragon,1,29499,4608.0,66.0,0.15620868504017085,0.002237363978439947,19,6,0,2,0,1
128,6,0,16.76,20998,64.0,16.0,0.046875,80.0,3901.44,MediaTek,1,20998,3901.44,80.0,0.1858005524335651,0.003809886655871988,13,2,0,1,0,2
64,4,0,16.76,9290,50.0,8.0,0.0625,58.0,1280.0,MediaTek,1,9290,1280.0,58.0,0.1377825618945102,0.006243272335844994,15,2,1,0,3,2
256,8,0,16.76,23999,64.0,16.0,0.03125,80.0,10403.84,MediaTek,1,23999,9600.0,80.0,0.40001666736114005,0.0033334722280095003,13,2,4,2,1,2
128,8,0,16.66,19280,13.0,5.0,0.0625,18.0,5120.0,Other,1,19280,5120.0,18.0,0.26556016597510373,0.0009336099585062241,10,4,0,2,0,2
64,4,0,16.76,8649,50.0,8.0,0.0625,58.0,1280.0,MediaTek,1,8649,1280.0,58.0,0.14799398774424788,0.006705977569661232,15,2,1,0,3,2
256,8,0,17.22,17999,50.0,16.0,0.03125,66.0,10240.0,MediaTek,1,17999,9600.0,66.0,0.533362964609145,0.0036668703816878714,4,2,6,2,1,2
64,3,0,16.54,10999,13.0,5.0,0.046875,18.0,960.0,MediaTek,1,10999,960.0,18.0,0.08728066187835258,0.0016365124102191108,16,2,0,3,3,2
128,8,0,16.94,19499,64.0,16.0,0.0625,80.0,5120.0,Snapdragon,1,19499,5120.0,80.0,0.2625775680804144,0.004102774501256475,11,6,0,2,0,2
64,4,0,16.51,9349,8.0,5.0,0.0625,13.0,1280.0,Other,1,9349,1280.0,13.0,0.1369130388276821,0.0013905230505936463,12,4,0,0,3,2
128,8,0,16.94,19499,64.0,16.0,0.0625,80.0,5120.0,Snapdragon,1,19499,5120.0,80.0,0.2625775680804144,0.004102774501256475,11,6,0,2,0,2
64,4,0,16.66,8288,13.0,5.0,0.0625,18.0,1280.0,Quad-Core,1,8288,1280.0,18.0,0.15444015444015444,0.002171814671814672,15,5,0,0,3,2
64,4,0,16.51,12272,50.0,13.0,0.0625,63.0,1536.0,MediaTek,1,12272,1536.0,63.0,0.12516297262059975,0.005133637548891786,13,2,10,0,3,3
32,3,0,16.66,6794,13.0,5.0,0.09375,18.0,480.0,Quad-Core,1,6794,480.0,18.0,0.07065057403591404,0.0026493965263467765,15,5,0,3,2,2
128,6,0,16.76,21999,50.0,8.0,0.046875,58.0,3840.0,Snapdragon,1,21999,3840.0,58.0,0.17455338879039956,0.00263648347652166,14,6,1,1,0,2
128,6,0,16.76,18999,50.0,13.0,0.046875,63.0,3840.0,Exynos,1,18999,3840.0,63.0,0.20211590083688616,0.0033159639981051635,14,0,9,1,0,2
256,4,0,16.94,32999,200.0,16.0,0.015625,216.0,5099.52,MediaTek,-1,32999,5099.52,133.5,0.154535591987636,0.004045577138701173,13,2,0,0,1,1
64,4,0,16.76,9699,50.0,8.0,0.0625,58.0,1280.0,Unisoc,1,9699,1280.0,58.0,0.13197236828539025,0.005979997937931745,12,7,0,0,3,2
128,4,0,16.76,10699,50.0,8.0,0.03125,58.0,2560.0,Unisoc,1,10699,2560.0,58.0,0.2392746985699598,0.005421067389475652,12,7,0,0,0,2
64,4,0,16.51,10999,50.0,16.0,0.0625,66.0,1280.0,MediaTek,1,10999,1280.0,66.0,0.11637421583780344,0.00600054550413674,7,2,0,0,3,2
32,2,0,16.76,5999,8.0,5.0,0.0625,13.0,320.0,Unisoc,1,5999,320.0,13.0,0.053342223703950656,0.0021670278379729954,17,7,5,3,2,2
64,4,0,16.54,11999,13.0,5.0,0.0625,18.0,1280.0,MediaTek,1,11999,1280.0,18.0,0.10667555629635803,0.0015001250104175348,16,2,3,0,3,2
256,4,0,16.36,27540,64.0,50.0,0.015625,114.0,4300.8,MediaTek,1,27540,4300.8,114.0,0.15616557734204795,0.004139433551198257,16,2,0,0,1,1
128,8,0,17.02,27877,50.0,32.0,0.0625,82.0,4608.0,Other,1,27877,4608.0,82.0,0.16529755712594613,0.0029414929870502566,9,4,0,2,0,1
128,6,0,16.76,21999,50.0,8.0,0.046875,58.0,3840.0,Snapdragon,1,21999,3840.0,58.0,0.17455338879039956,0.00263648347652166,14,6,6,1,0,2
32,2,0,16.76,5990,8.0,5.0,0.0625,13.0,320.0,Unisoc,1,5990,320.0,13.0,0.05342237061769616,0.0021702838063439064,17,7,0,3,2,2
32,2,0,16.76,5999,8.0,5.0,0.0625,13.0,320.0,Unisoc,1,5999,320.0,13.0,0.053342223703950656,0.0021670278379729954,17,7,1,3,2,2
128,6,0,16.76,21499,64.0,16.0,0.046875,80.0,3901.44,MediaTek,1,21499,3901.44,80.0,0.18147076608214335,0.0037211033071305644,13,2,1,1,0,2
128,8,0,16.76,15999,50.0,16.0,0.0625,66.0,5120.0,MediaTek,1,15999,5120.0,66.0,0.3200200012500781,0.0041252578286142885,11,2,1,2,0,2
64,4,0,16.43,11980,50.0,16.0,0.0625,66.0,1280.0,Snapdragon,1,11980,1280.0,66.0,0.10684474123539232,0.0055091819699499165,7,6,9,0,3,2
64,2,0,16.76,6999,8.0,5.0,0.03125,13.0,640.0,MediaTek,1,6999,640.0,13.0,0.09144163451921702,0.001857408201171596,4,2,8,3,3,2
64,2,0,16.76,6999,8.0,5.0,0.03125,13.0,640.0,MediaTek,1,6999,640.0,13.0,0.09144163451921702,0.001857408201171596,4,2,1,3,3,2
64,2,0,16.76,6999,8.0,5.0,0.03125,13.0,640.0,MediaTek,1,6999,640.0,13.0,0.09144163451921702,0.001857408201171596,4,2,1,3,3,2
64,2,0,16.76,6999,8.0,5.0,0.03125,13.0,640.0,MediaTek,1,6999,640.0,13.0,0.09144163451921702,0.001857408201171596,4,2,0,3,3,2
128,8,0,17.02,23999,108.0,16.0,0.0625,124.0,5120.0,MediaTek,1,23999,5120.0,124.0,0.21334222259260802,0.0051668819534147255,12,2,1,2,0,2
64,4,0,16.76,11999,50.0,16.0,0.0625,66.0,1280.0,Snapdragon,1,11999,1280.0,66.0,0.10667555629635803,0.005500458371530961,12,6,1,0,3,2
128,4,0,16.76,13499,50.0,16.0,0.03125,66.0,2560.0,Snapdragon,1,13499,2560.0,66.0,0.18964367730943033,0.004889251055633751,12,6,0,0,0,2
64,4,0,16.76,16499,50.0,13.0,0.0625,63.0,1280.0,Exynos,1,16499,1280.0,63.0,0.07758045942178314,0.003818413237165889,14,0,5,0,3,2
256,8,0,16.76,32999,48.0,13.0,0.03125,61.0,10240.0,MediaTek,1,32999,9600.0,61.0,0.2909179066032304,0.0018485408648746932,14,2,0,2,1,2
64,4,0,17.07,11349,64.0,8.0,0.0625,72.0,1280.0,MediaTek,1,11349,1280.0,72.0,0.11278526742444268,0.006344171292624901,12,2,1,0,3,2
128,8,0,16.76,30999,48.0,13.0,0.0625,61.0,5120.0,MediaTek,1,30999,5120.0,61.0,0.16516661827800896,0.001967805413077841,14,2,4,2,0,2
64,3,0,16.66,9499,8.0,5.0,0.046875,13.0,960.0,MediaTek,1,9499,960.0,13.0,0.10106326981787557,0.001368565112117065,10,2,1,3,3,2
64,3,0,16.66,9790,8.0,5.0,0.046875,13.0,960.0,MediaTek,1,9790,960.0,13.0,0.09805924412665985,0.001327885597548519,10,2,1,3,3,2
64,3,0,16.66,9499,8.0,5.0,0.046875,13.0,960.0,MediaTek,1,9499,960.0,13.0,0.10106326981787557,0.001368565112117065,10,2,3,3,3,2
128,8,0,17.02,28298,50.0,32.0,0.0625,82.0,4608.0,Other,1,28298,4608.0,82.0,0.1628383631352039,0.0028977312884302777,9,4,8,2,0,1
128,8,0,17.02,23999,108.0,16.0,0.0625,124.0,5120.0,MediaTek,1,23999,5120.0,124.0,0.21334222259260802,0.0051668819534147255,12,2,0,2,0,2
128,8,0,17.02,23999,108.0,16.0,0.0625,124.0,5120.0,MediaTek,1,23999,5120.0,124.0,0.21334222259260802,0.0051668819534147255,12,2,3,2,0,2
128,6,0,17.02,22999,108.0,16.0,0.046875,124.0,3840.0,MediaTek,1,22999,3840.0,124.0,0.166963781033958,0.005391538762554894,12,2,1,1,0,2
128,6,0,17.02,22999,108.0,16.0,0.046875,124.0,3840.0,MediaTek,1,22999,3840.0,124.0,0.166963781033958,0.005391538762554894,12,2,3,1,0,2
128,6,0,17.02,22999,108.0,16.0,0.046875,124.0,3840.0,MediaTek,1,22999,3840.0,124.0,0.166963781033958,0.005391538762554894,12,2,0,1,0,2
128,8,0,16.33,13999,64.0,16.0,0.0625,80.0,5120.0,MediaTek,1,13999,5120.0,80.0,0.3657404100292878,0.005714693906707622,11,2,0,2,0,2
32,3,0,16.56,7049,8.0,5.0,0.09375,13.0,576.0,MediaTek,1,7049,576.0,13.0,0.08171371825790892,0.001844233224570861,15,2,1,3,2,3
32,3,0,16.56,6960,8.0,5.0,0.09375,13.0,576.0,MediaTek,1,6960,576.0,13.0,0.08275862068965517,0.001867816091954023,15,2,1,3,2,3
128,4,0,16.51,9104,13.0,5.0,0.03125,18.0,2560.0,MediaTek,1,9104,2560.0,18.0,0.281195079086116,0.001977152899824253,14,2,1,0,0,2
256,4,0,17.22,36999,50.0,50.0,0.015625,100.0,4710.4,MediaTek,1,34265,4710.4,100.0,0.137469721289946,0.0029184298847220198,16,2,1,0,1,1
128,6,0,16.59,9499,13.0,5.0,0.046875,18.0,3840.0,MediaTek,1,9499,3840.0,18.0,0.4042530792715023,0.0018949363090851668,13,2,0,1,0,2
128,8,0,16.66,16499,50.0,8.0,0.0625,58.0,5120.0,Snapdragon,1,16499,5120.0,58.0,0.31032183768713256,0.0035153645675495486,10,6,6,2,0,2
32,2,0,16.51,6999,8.0,5.0,0.0625,13.0,320.0,Unisoc,1,6999,320.0,13.0,0.04572081725960851,0.001857408201171596,12,7,1,3,2,2
256,4,0,16.94,49999,200.0,60.0,0.015625,260.0,4720.64,Snapdragon,-1,34265,4720.64,133.5,0.13776856851014155,0.003896103896103896,7,6,0,0,1,1
128,6,0,16.76,21999,50.0,8.0,0.046875,58.0,3840.0,Snapdragon,1,21999,3840.0,58.0,0.17455338879039956,0.00263648347652166,14,6,4,1,0,2
128,8,0,16.76,20999,50.0,13.0,0.0625,63.0,5120.0,Exynos,1,20999,5120.0,63.0,0.24382113433973046,0.003000142863945902,14,0,9,2,0,2
128,8,0,16.76,30999,48.0,13.0,0.0625,61.0,5120.0,MediaTek,1,30999,5120.0,61.0,0.16516661827800896,0.001967805413077841,14,2,0,2,0,2
128,8,0,17.22,30385,64.0,16.0,0.0625,80.0,5120.0,Snapdragon,1,30385,5120.0,80.0,0.16850419614941584,0.0026328780648346224,3,6,1,2,0,2
128,8,0,16.71,19999,50.0,16.0,0.0625,66.0,5120.0,MediaTek,1,19999,5120.0,66.0,0.256012800640032,0.0033001650082504124,16,2,0,2,0,2
64,6,1,17.02,14999,50.0,16.0,0.09375,66.0,1920.0,MediaTek,1,14999,1920.0,66.0,0.12800853390226016,0.004400293352890192,4,2,10,1,3,2
64,4,0,17.32,8999,13.0,8.0,0.0625,21.0,1536.0,Unisoc,1,8999,1536.0,21.0,0.17068563173685966,0.002333592621402378,4,7,0,0,3,3
256,4,0,16.94,32999,64.0,16.0,0.015625,80.0,5120.0,Snapdragon,1,32999,5120.0,80.0,0.1551562168550562,0.0024243158883602532,11,6,1,0,1,2
128,8,0,16.36,19990,50.0,44.0,0.0625,94.0,4147.2,MediaTek,1,19990,4147.2,94.0,0.20746373186593295,0.004702351175587794,16,2,1,2,0,1
32,2,0,16.51,6999,8.0,5.0,0.0625,13.0,320.0,Unisoc,1,6999,320.0,13.0,0.04572081725960851,0.001857408201171596,12,7,0,3,2,2
128,8,0,16.94,19499,64.0,16.0,0.0625,80.0,5120.0,Snapdragon,1,19499,5120.0,80.0,0.2625775680804144,0.004102774501256475,11,6,1,2,0,2
128,4,0,16.76,12900,50.0,8.0,0.03125,58.0,2560.0,Unisoc,1,12900,2560.0,58.0,0.19844961240310077,0.004496124031007752,12,7,1,0,0,2
64,4,0,16.76,16499,50.0,13.0,0.0625,63.0,1280.0,Exynos,1,16499,1280.0,63.0,0.07758045942178314,0.003818413237165889,14,0,0,0,3,2
64,3,0,16.76,8990,13.0,8.0,0.046875,21.0,960.0,MediaTek,1,8990,960.0,21.0,0.1067853170189099,0.0023359288097886542,15,2,1,3,3,2
64,4,0,16.76,10943,50.0,8.0,0.0625,58.0,1280.0,Unisoc,1,10943,1280.0,58.0,0.11696975235310245,0.005300191903499955,12,7,1,0,3,2
128,8,0,16.0,55999,50.0,8.0,0.0625,58.0,4372.48,Google Tensor,1,34265,4372.48,58.0,0.12760776302349336,0.0016926893331387714,1,1,10,2,0,1
128,8,0,16.0,55999,50.0,8.0,0.0625,58.0,4372.48,Google Tensor,1,34265,4372.48,58.0,0.12760776302349336,0.0016926893331387714,1,1,0,2,0,1
64,6,0,15.7,13489,12.0,20.0,0.09375,32.0,1536.0,Snapdragon,1,13489,1536.0,32.0,0.1138705611980132,0.0023723033582919418,11,6,1,1,3,1
128,8,0,16.64,34999,50.0,32.0,0.0625,82.0,4505.6,Snapdragon,1,34265,4505.6,82.0,0.13149277688603533,0.002393112505472056,7,6,3,2,0,1
256,8,0,16.94,32999,64.0,16.0,0.03125,80.0,10240.0,Snapdragon,1,32999,9600.0,80.0,0.2909179066032304,0.0024243158883602532,11,6,0,2,1,2
64,3,0,16.54,11209,13.0,8.0,0.046875,21.0,960.0,Snapdragon,1,11209,960.0,21.0,0.08564546346685699,0.0018734945133374967,16,6,0,3,3,2
256,8,0,16.94,26999,50.0,16.0,0.03125,66.0,10240.0,MediaTek,1,26999,9600.0,66.0,0.355568724767584,0.00244453498277714,13,2,0,2,1,2
64,4,0,16.51,8499,8.0,5.0,0.0625,13.0,1280.0,Unisoc,1,8499,1280.0,13.0,0.1506059536416049,0.0015295917166725497,12,7,0,0,3,2
64,4,0,16.51,8499,8.0,5.0,0.0625,13.0,1280.0,Unisoc,1,8499,1280.0,13.0,0.1506059536416049,0.0015295917166725497,12,7,0,0,3,2
128,8,0,16.76,20999,50.0,13.0,0.0625,63.0,5120.0,Exynos,1,20999,5120.0,63.0,0.24382113433973046,0.003000142863945902,14,0,0,2,0,2
128,8,0,16.0,55999,50.0,8.0,0.0625,58.0,4372.48,Google Tensor,1,34265,4372.48,58.0,0.12760776302349336,0.0016926893331387714,1,1,5,2,0,1
128,6,0,16.76,17499,50.0,8.0,0.046875,58.0,3840.0,Exynos,1,17499,3840.0,58.0,0.21944111092062404,0.003314475112863592,14,0,0,1,0,2
128,8,0,16.71,19999,50.0,16.0,0.0625,66.0,5120.0,MediaTek,1,19999,5120.0,66.0,0.256012800640032,0.0033001650082504124,16,2,6,2,0,2
128,4,0,16.71,17999,50.0,16.0,0.03125,66.0,2560.0,MediaTek,1,17999,2560.0,66.0,0.142230123895772,0.0036668703816878714,16,2,0,0,0,2
64,4,0,16.51,11499,50.0,8.0,0.0625,58.0,1536.0,MediaTek,1,11499,1536.0,58.0,0.13357683276806678,0.005043916862335855,12,2,1,0,3,3
128,8,0,16.36,16988,50.0,44.0,0.0625,94.0,4147.2,MediaTek,1,16988,4147.2,94.0,0.24412526489286554,0.005533317635978338,16,2,0,2,0,1
128,4,0,16.54,12989,13.0,5.0,0.03125,18.0,2560.0,MediaTek,1,12989,2560.0,18.0,0.19708984525367618,0.0013857879744399108,16,2,0,0,0,2
128,6,0,16.76,13999,50.0,16.0,0.046875,66.0,3840.0,Snapdragon,1,13999,3840.0,66.0,0.27430530752196586,0.004714622473033788,7,6,10,1,0,2
128,8,0,16.21,23999,64.0,16.0,0.0625,80.0,4608.0,MediaTek,1,23999,4608.0,80.0,0.19200800033334722,0.0033334722280095003,16,2,1,2,0,1
32,2,0,16.59,7190,13.0,5.0,0.0625,18.0,320.0,MediaTek,1,7190,320.0,18.0,0.04450625869262865,0.0025034770514603616,13,2,5,3,2,2
32,3,0,16.59,7990,13.0,5.0,0.09375,18.0,480.0,MediaTek,1,7990,480.0,18.0,0.060075093867334166,0.0022528160200250315,13,2,5,3,2,2
128,8,0,16.21,23999,64.0,16.0,0.0625,80.0,4608.0,MediaTek,1,23999,4608.0,80.0,0.19200800033334722,0.0033334722280095003,16,2,1,2,0,1
128,8,0,16.76,20999,50.0,13.0,0.0625,63.0,5120.0,Exynos,1,20999,5120.0,63.0,0.24382113433973046,0.003000142863945902,14,0,5,2,0,2
64,4,0,16.33,12990,50.0,13.0,0.0625,63.0,1280.0,Snapdragon,1,12990,1280.0,63.0,0.09853733641262509,0.004849884526558892,13,6,1,0,3,2
128,8,0,16.36,27999,64.0,50.0,0.0625,114.0,4608.0,MediaTek,1,27999,4608.0,114.0,0.164577306332369,0.004071573984785171,16,2,0,2,0,1
256,8,0,16.76,32999,48.0,13.0,0.03125,61.0,10240.0,MediaTek,1,32999,9600.0,61.0,0.2909179066032304,0.0018485408648746932,14,2,8,2,1,2
64,6,1,17.02,14999,50.0,16.0,0.09375,66.0,1920.0,MediaTek,1,14999,1920.0,66.0,0.12800853390226016,0.004400293352890192,4,2,0,1,3,2
64,4,0,16.43,13999,50.0,16.0,0.0625,66.0,1280.0,Snapdragon,1,13999,1280.0,66.0,0.09143510250732195,0.004714622473033788,7,6,9,0,3,2
128,8,0,16.76,30999,48.0,13.0,0.0625,61.0,5120.0,MediaTek,1,30999,5120.0,61.0,0.16516661827800896,0.001967805413077841,14,2,8,2,0,2
128,8,0,16.26,32999,12.0,32.0,0.0625,44.0,4608.0,Snapdragon,1,32999,4608.0,44.0,0.1396405951695506,0.0013333737385981394,14,6,5,2,0,1
128,8,0,16.76,19397,50.0,16.0,0.0625,66.0,5120.0,MediaTek,1,19397,5120.0,66.0,0.26395834407382585,0.0034025880290766614,13,2,10,2,0,2
128,8,0,16.36,27999,64.0,50.0,0.0625,114.0,4608.0,MediaTek,1,27999,4608.0,114.0,0.164577306332369,0.004071573984785171,16,2,1,2,0,1
32,3,0,16.54,10989,13.0,5.0,0.09375,18.0,480.0,MediaTek,1,10989,480.0,18.0,0.04368004368004368,0.001638001638001638,16,2,0,3,2,2
32,3,0,16.54,10989,13.0,5.0,0.09375,18.0,480.0,MediaTek,1,10989,480.0,18.0,0.04368004368004368,0.001638001638001638,16,2,3,3,2,2
256,3,0,16.69,17999,64.0,16.0,0.01171875,80.0,3225.6000000000004,Snapdragon,1,17999,3225.6000000000004,80.0,0.1792099561086727,0.004444691371742875,12,6,1,3,1,1
128,8,0,16.33,20999,64.0,32.0,0.0625,96.0,4608.0,Snapdragon,1,20999,4608.0,96.0,0.21943902090575743,0.004571646268869946,10,6,6,2,0,1
128,6,0,16.33,16990,108.0,16.0,0.046875,124.0,3840.0,MediaTek,1,16990,3840.0,124.0,0.22601530311948204,0.007298410829899941,13,2,0,1,0,2
64,4,0,17.32,8999,13.0,8.0,0.0625,21.0,1536.0,Unisoc,1,8999,1536.0,21.0,0.17068563173685966,0.002333592621402378,4,7,1,0,3,3
128,8,0,16.36,29990,64.0,16.0,0.0625,80.0,4300.8,MediaTek,1,29990,4300.8,80.0,0.14340780260086697,0.00266755585195065,16,2,0,2,0,1
256,8,0,16.64,38920,48.0,32.0,0.03125,80.0,8806.4,Snapdragon,1,34265,8806.4,80.0,0.25700860936815995,0.0023347439077776155,9,6,3,2,1,1
32,3,0,15.8,9387,13.0,5.0,0.09375,18.0,386.88,MediaTek,1,9387,386.88,18.0,0.041214445509747524,0.0019175455417066154,16,2,1,3,2,1
128,6,0,16.64,29790,48.0,16.0,0.046875,64.0,3302.3999999999996,Snapdragon,1,29790,3302.3999999999996,64.0,0.11085599194360522,0.0021483719368915744,9,6,5,1,0,1
128,8,0,16.36,24999,48.0,13.0,0.0625,61.0,4213.76,Snapdragon,1,24999,4213.76,61.0,0.16855714228569144,0.0024400976039041563,9,6,1,2,0,1
128,8,0,16.66,16499,50.0,8.0,0.0625,58.0,5120.0,Snapdragon,1,16499,5120.0,58.0,0.31032183768713256,0.0035153645675495486,10,6,0,2,0,2
16,2,0,13.84,5799,5.0,2.0,0.125,7.0,96.0,Unisoc,-1,5799,96.0,7.0,0.016554578375581996,0.0012071046732195206,8,7,4,3,4,0
128,6,0,16.33,16499,64.0,16.0,0.046875,80.0,3840.0,MediaTek,1,16499,3840.0,80.0,0.2327413782653494,0.004848778713861446,11,2,0,1,0,2
128,6,0,16.59,10890,13.0,5.0,0.046875,18.0,3840.0,MediaTek,1,10890,3840.0,18.0,0.3526170798898072,0.001652892561983471,13,2,4,1,0,2
128,6,0,16.59,10548,13.0,5.0,0.046875,18.0,3840.0,MediaTek,1,10548,3840.0,18.0,0.3640500568828214,0.0017064846416382253,13,2,0,1,0,2
256,2,0,16.81,32299,50.0,16.0,0.0078125,66.0,2560.0,Snapdragon,1,32299,2560.0,66.0,0.07925941979627853,0.0020434069166228057,12,6,0,3,1,2
256,8,0,16.26,40999,50.0,32.0,0.03125,82.0,10240.0,Exynos,1,34265,9600.0,82.0,0.2801692689333139,0.002393112505472056,14,0,0,2,1,2
32,2,0,13.84,6299,5.0,2.0,0.0625,7.0,192.0,Unisoc,1,6299,192.0,7.0,0.030481028734719796,0.001111287505953326,8,7,1,3,2,0
128,8,0,16.71,16990,50.0,16.0,0.0625,66.0,5120.0,MediaTek,1,16990,5120.0,66.0,0.3013537374926427,0.003884638022366098,16,2,0,2,0,2
128,4,0,16.71,17999,50.0,16.0,0.03125,66.0,2560.0,MediaTek,1,17999,2560.0,66.0,0.142230123895772,0.0036668703816878714,16,2,6,0,0,2
64,4,0,17.07,11490,64.0,8.0,0.0625,72.0,1280.0,MediaTek,1,11490,1280.0,72.0,0.1114012184508268,0.006266318537859008,12,2,0,0,3,2
128,4,0,16.76,12599,50.0,8.0,0.03125,58.0,2560.0,MediaTek,1,12599,2560.0,58.0,0.2031907294229701,0.004603539963489165,12,2,0,0,0,2
128,6,0,16.33,16499,64.0,13.0,0.046875,77.0,3840.0,MediaTek,1,16499,3840.0,77.0,0.2327413782653494,0.004666949512091642,13,2,1,1,0,2
256,6,0,16.69,17999,64.0,32.0,0.0234375,96.0,6451.200000000001,Snapdragon,1,17999,6451.200000000001,96.0,0.3584199122173454,0.00533362964609145,12,6,10,1,1,1
128,8,0,16.36,31989,64.0,16.0,0.0625,80.0,4300.8,MediaTek,1,31989,4300.8,80.0,0.13444621588671107,0.0025008596705117384,16,2,3,2,0,1
64,8,0,15.49,41199,12.0,12.0,0.125,24.0,1592.32,Other,-1,34265,1592.32,24.0,0.04647074274040566,0.0007004231723332847,0,4,0,2,3,0
128,8,0,16.36,24999,64.0,16.0,0.0625,80.0,4812.8,Snapdragon,1,24999,4812.8,80.0,0.19251970078803152,0.0032001280051202046,16,6,0,2,0,1
128,6,0,16.36,23999,64.0,16.0,0.046875,80.0,3609.6000000000004,Snapdragon,1,23999,3609.6000000000004,80.0,0.15040626692778866,0.0033334722280095003,16,6,1,1,0,1
32,2,0,16.56,7199,8.0,8.0,0.0625,16.0,320.0,MediaTek,1,7199,320.0,16.0,0.04445061814140853,0.0022225309070704265,4,2,0,3,2,2
128,4,0,16.76,15999,50.0,8.0,0.03125,58.0,2560.0,Snapdragon,1,15999,2560.0,58.0,0.16001000062503906,0.0036252265766610415,14,6,3,0,0,2
64,4,0,16.59,8999,13.0,5.0,0.0625,18.0,1280.0,MediaTek,1,8999,1280.0,18.0,0.14223802644738304,0.002000222246916324,11,2,1,0,3,2
64,4,0,16.59,8999,13.0,5.0,0.0625,18.0,1280.0,MediaTek,1,8999,1280.0,18.0,0.14223802644738304,0.002000222246916324,11,2,1,0,3,2
64,4,0,16.51,8940,16.0,8.0,0.0625,24.0,1280.0,MediaTek,1,8940,1280.0,24.0,0.14317673378076062,0.0026845637583892616,7,2,0,0,3,2
128,8,0,16.36,24999,64.0,16.0,0.0625,80.0,4812.8,Snapdragon,1,24999,4812.8,80.0,0.19251970078803152,0.0032001280051202046,16,6,1,2,0,1
64,4,0,16.66,8288,13.0,5.0,0.0625,18.0,1280.0,MediaTek,1,8288,1280.0,18.0,0.15444015444015444,0.002171814671814672,15,2,1,0,3,2
32,3,0,16.59,8499,13.0,5.0,0.09375,18.0,480.0,MediaTek,1,8499,480.0,18.0,0.056477232615601836,0.002117896223085069,11,2,1,3,2,2
64,6,0,16.76,9999,50.0,8.0,0.09375,58.0,1920.0,Unisoc,1,9999,1920.0,58.0,0.192019201920192,0.0058005800580058,4,7,10,1,3,2
128,6,0,16.76,17499,50.0,8.0,0.046875,58.0,3840.0,Exynos,1,17499,3840.0,58.0,0.21944111092062404,0.003314475112863592,14,0,6,1,0,2
64,4,0,16.59,8999,13.0,5.0,0.0625,18.0,1280.0,MediaTek,1,8999,1280.0,18.0,0.14223802644738304,0.002000222246916324,13,2,0,0,3,2
128,6,0,16.59,14999,48.0,13.0,0.046875,61.0,3855.3599999999997,MediaTek,1,14999,3855.3599999999997,61.0,0.25704113607573836,0.004066937795853057,13,2,9,1,0,2
256,6,0,16.94,49999,200.0,60.0,0.0234375,260.0,7080.960000000001,Snapdragon,-1,34265,7080.960000000001,133.5,0.20665285276521234,0.003896103896103896,7,6,10,1,1,1
128,8,0,16.71,19979,50.0,16.0,0.0625,66.0,5120.0,MediaTek,1,19979,5120.0,66.0,0.2562690825366635,0.003303468642074178,16,2,6,2,0,2
128,6,0,17.02,23390,108.0,32.0,0.046875,140.0,3840.0,MediaTek,1,23390,3840.0,133.5,0.16417272338606242,0.005707567336468576,14,2,1,1,0,2
128,6,0,16.94,14385,48.0,16.0,0.046875,64.0,3855.3599999999997,Snapdragon,1,14385,3855.3599999999997,64.0,0.2680125130344108,0.004449078901633646,13,6,10,1,0,2
128,6,0,17.02,80999,12.0,12.0,0.046875,24.0,3320.0640000000003,Other,1,34265,3320.0640000000003,24.0,0.09689373996789728,0.0007004231723332847,0,4,0,1,0,1
256,6,0,16.66,30874,64.0,32.0,0.0234375,96.0,7418.88,MediaTek,1,30874,7418.88,96.0,0.24029539418280754,0.0031094124506056875,16,2,0,1,1,1
128,8,0,16.76,12999,108.0,8.0,0.0625,116.0,5120.0,Unisoc,1,12999,5120.0,116.0,0.3938764520347719,0.0089237633664128,4,7,5,2,0,2
128,8,0,16.66,35999,64.0,32.0,0.0625,96.0,4945.92,MediaTek,1,34265,4945.92,96.0,0.1443432073544433,0.002801692689333139,16,2,1,2,0,1
64,4,0,16.76,9999,13.0,8.0,0.0625,21.0,1331.2,MediaTek,1,9999,1331.2,21.0,0.13313331333133313,0.0021002100210021,4,2,5,0,3,2
64,4,0,16.76,9999,13.0,8.0,0.0625,21.0,1331.2,MediaTek,1,9999,1331.2,21.0,0.13313331333133313,0.0021002100210021,4,2,1,0,3,2
256,8,1,17.02,16999,108.0,16.0,0.03125,124.0,10240.0,MediaTek,1,16999,9600.0,124.0,0.5647391023001354,0.007294546738043414,4,2,1,2,1,2
256,8,1,17.02,16999,108.0,16.0,0.03125,124.0,10240.0,MediaTek,1,16999,9600.0,124.0,0.5647391023001354,0.007294546738043414,4,2,4,2,1,2
128,6,0,16.36,23999,64.0,16.0,0.046875,80.0,3609.6000000000004,Snapdragon,1,23999,3609.6000000000004,80.0,0.15040626692778866,0.0033334722280095003,16,6,0,1,0,1
128,6,0,17.53,13999,50.0,8.0,0.046875,58.0,5376.0,MediaTek,1,13999,5376.0,58.0,0.3840274305307522,0.004143153082363026,15,2,0,1,0,3
128,6,0,17.04,10799,50.0,5.0,0.046875,55.0,3840.0,MediaTek,1,10799,3840.0,55.0,0.35558848041485325,0.005093064172608575,13,2,1,1,0,2
32,3,0,16.55,7999,13.0,8.0,0.09375,21.0,480.0,MediaTek,1,7999,480.0,21.0,0.060007500937617204,0.0026253281660207524,5,2,9,3,2,2
64,6,0,16.76,9999,50.0,8.0,0.09375,58.0,1920.0,Unisoc,1,9999,1920.0,58.0,0.192019201920192,0.0058005800580058,4,7,5,1,3,2
64,6,0,16.76,9999,50.0,8.0,0.09375,58.0,1920.0,Unisoc,1,9999,1920.0,58.0,0.192019201920192,0.0058005800580058,4,7,0,1,3,2
64,6,0,16.76,9999,50.0,8.0,0.09375,58.0,1920.0,Unisoc,1,9999,1920.0,58.0,0.192019201920192,0.0058005800580058,4,7,1,1,3,2
128,4,0,16.51,11762,50.0,8.0,0.03125,58.0,3072.0,MediaTek,1,11762,3072.0,58.0,0.2611800714164258,0.004931134160856997,12,2,5,0,0,3
128,6,0,16.76,18990,50.0,16.0,0.046875,66.0,3840.0,MediaTek,1,18990,3840.0,66.0,0.20221169036334913,0.0034755134281200632,13,2,1,1,0,2
128,8,0,16.76,18999,50.0,16.0,0.0625,66.0,5120.0,MediaTek,1,18999,5120.0,66.0,0.2694878677825149,0.003473867045633981,13,2,0,2,0,2
128,8,0,17.65,15999,50.0,16.0,0.0625,66.0,5120.0,MediaTek,1,15999,5120.0,66.0,0.3200200012500781,0.0041252578286142885,4,2,4,2,0,2
256,8,0,16.36,29418,64.0,50.0,0.03125,114.0,9216.0,MediaTek,1,29418,9216.0,114.0,0.3132775851519478,0.0038751784621660207,16,2,0,2,1,1
256,8,0,16.66,33367,64.0,32.0,0.03125,96.0,9891.84,MediaTek,1,33367,9600.0,96.0,0.2877094134923727,0.002877094134923727,16,2,1,2,1,1
64,4,0,16.26,11999,50.0,13.0,0.0625,63.0,1280.0,MediaTek,1,11999,1280.0,63.0,0.10667555629635803,0.005250437536461372,7,2,4,0,3,2
256,8,0,16.26,40999,50.0,32.0,0.03125,82.0,10240.0,Exynos,1,34265,9600.0,82.0,0.2801692689333139,0.002393112505472056,14,0,8,2,1,2
32,2,0,16.51,7499,8.0,5.0,0.0625,13.0,320.0,Octa-Core,1,7499,320.0,13.0,0.04267235631417522,0.0017335644752633685,12,3,4,3,2,2
128,4,0,16.71,15499,50.0,8.0,0.03125,58.0,2560.0,Snapdragon,1,15499,2560.0,58.0,0.16517194657719853,0.003742176914639654,16,6,10,0,0,2
256,8,0,16.76,29990,64.0,16.0,0.03125,80.0,10403.84,MediaTek,1,29990,9600.0,80.0,0.320106702234078,0.00266755585195065,13,2,1,2,1,2
32,3,0,16.66,7280,13.0,5.0,0.09375,18.0,480.0,MediaTek,1,7280,480.0,18.0,0.06593406593406594,0.0024725274725274724,15,2,8,3,2,2
128,3,0,17.02,80999,12.0,12.0,0.0234375,24.0,1660.0320000000002,Other,-1,34265,1660.0320000000002,24.0,0.04844686998394864,0.0007004231723332847,0,4,8,3,0,1
64,4,0,16.66,8999,13.0,5.0,0.0625,18.0,1280.0,MediaTek,1,8999,1280.0,18.0,0.14223802644738304,0.002000222246916324,15,2,1,0,3,2
256,4,0,17.22,34688,64.0,16.0,0.015625,80.0,5120.0,MediaTek,1,34265,5120.0,80.0,0.1494236100977674,0.0023347439077776155,3,2,1,0,1,2
64,4,0,16.51,13499,48.0,16.0,0.0625,64.0,1280.0,MediaTek,1,13499,1280.0,64.0,0.09482183865471516,0.004741091932735758,12,2,0,0,3,2
64,4,0,16.51,13499,48.0,16.0,0.0625,64.0,1280.0,MediaTek,1,13499,1280.0,64.0,0.09482183865471516,0.004741091932735758,12,2,0,0,3,2
128,4,0,17.02,80999,12.0,12.0,0.03125,24.0,2213.376,Other,1,34265,2213.376,24.0,0.06459582664526485,0.0007004231723332847,0,4,10,0,0,1
128,8,0,16.21,23999,64.0,16.0,0.0625,80.0,4608.0,MediaTek,1,23999,4608.0,80.0,0.19200800033334722,0.0033334722280095003,16,2,0,2,0,1
128,8,0,16.21,23999,64.0,16.0,0.0625,80.0,4608.0,MediaTek,1,23999,4608.0,80.0,0.19200800033334722,0.0033334722280095003,16,2,3,2,0,1
128,6,0,16.76,17499,50.0,8.0,0.046875,58.0,3840.0,Exynos,1,17499,3840.0,58.0,0.21944111092062404,0.003314475112863592,14,0,1,1,0,2
64,4,0,16.51,8460,8.0,5.0,0.0625,13.0,1280.0,Unisoc,1,8460,1280.0,13.0,0.15130023640661938,0.0015366430260047282,12,7,5,0,3,2
128,4,0,16.51,12999,50.0,5.0,0.03125,55.0,2560.0,MediaTek,1,12999,2560.0,55.0,0.19693822601738595,0.004231094699592276,14,2,3,0,0,2
128,8,0,16.33,20890,64.0,16.0,0.0625,80.0,4608.0,Snapdragon,1,20890,4608.0,80.0,0.2205840114887506,0.003829583532790809,10,6,0,2,0,1
64,8,0,15.49,53999,12.0,12.0,0.125,24.0,1441.28,Other,-1,34265,1441.28,24.0,0.04206274624252152,0.0007004231723332847,0,4,1,2,3,4
128,6,0,16.76,16499,50.0,8.0,0.046875,58.0,3840.0,Exynos,1,16499,3840.0,58.0,0.2327413782653494,0.0035153645675495486,14,0,6,1,0,2
64,4,0,16.55,9790,50.0,8.0,0.0625,58.0,1280.0,Octa-Core,1,9790,1280.0,58.0,0.13074565883554648,0.005924412665985699,8,3,4,0,3,2
64,3,0,16.51,9999,13.0,5.0,0.046875,18.0,960.0,MediaTek,1,9999,960.0,18.0,0.096009600960096,0.0018001800180018,14,2,1,3,3,2
256,8,0,15.49,79999,50.0,12.0,0.03125,62.0,7987.2,Snapdragon,-1,34265,7987.2,62.0,0.23310083175251714,0.001809426528527652,14,6,10,2,1,0
32,2,0,12.7,5998,5.0,2.0,0.0625,7.0,198.4,Octa-Core,1,5998,198.4,7.0,0.03307769256418806,0.0011670556852284096,5,3,1,3,2,0
64,4,0,16.76,9990,50.0,8.0,0.0625,58.0,1280.0,MediaTek,1,9990,1280.0,58.0,0.12812812812812813,0.005805805805805806,15,2,1,0,3,2
128,8,0,16.26,38999,50.0,32.0,0.0625,82.0,5120.0,Exynos,1,34265,5120.0,82.0,0.1494236100977674,0.002393112505472056,14,0,5,2,0,2
128,4,0,16.66,15999,50.0,8.0,0.03125,58.0,2560.0,MediaTek,1,15999,2560.0,58.0,0.16001000062503906,0.0036252265766610415,10,2,1,0,0,2
